name,set,number,rarity,variant,date,market_price
Accelgor,White Flare,94,Illustration Rare,holofoil,2026-07-20,19.35
Accelgor,White Flare,94,Illustration Rare,holofoil,2026-07-30,18.94
Accelgor,White Flare,94,Illustration Rare,holofoil,2026-08-28,18.29
Aegislash,Paradox Rift,210,Illustration Rare,holofoil,2026-07-20,11.72
Aegislash,Paradox Rift,210,Illustration Rare,holofoil,2026-07-30,11.16
Aegislash,Paradox Rift,210,Illustration Rare,holofoil,2026-08-28,11.08
Aipom,Paradox Rift,211,Illustration Rare,holofoil,2026-07-20,31.46
Aipom,Paradox Rift,211,Illustration Rare,holofoil,2026-07-30,29.72
Aipom,Paradox Rift,211,Illustration Rare,holofoil,2026-08-28,28.86
Alolan Dugtrio,Surging Sparks,208,Illustration Rare,holofoil,2026-07-20,9.52
Alolan Dugtrio,Surging Sparks,208,Illustration Rare,holofoil,2026-07-30,9.79
Alolan Dugtrio,Surging Sparks,208,Illustration Rare,holofoil,2026-08-28,8.68
Alomomola,Black Bolt,108,Illustration Rare,holofoil,2026-07-20,26.41
Alomomola,Black Bolt,108,Illustration Rare,holofoil,2026-07-30,25.7
Alomomola,Black Bolt,108,Illustration Rare,holofoil,2026-08-28,25.4
Ambipom,Phantasmal Flames,107,Illustration Rare,holofoil,2026-07-20,2.2
Ambipom,Phantasmal Flames,107,Illustration Rare,holofoil,2026-07-30,2.78
Ambipom,Phantasmal Flames,107,Illustration Rare,holofoil,2026-08-28,2.46
Amoonguss,Black Bolt,96,Illustration Rare,holofoil,2026-07-20,47.51
Amoonguss,Black Bolt,96,Illustration Rare,holofoil,2026-07-30,46.6
Amoonguss,Black Bolt,96,Illustration Rare,holofoil,2026-08-28,45.08
Appletun,Surging Sparks,211,Illustration Rare,holofoil,2026-07-20,7.13
Appletun,Surging Sparks,211,Illustration Rare,holofoil,2026-07-30,7.3
Appletun,Surging Sparks,211,Illustration Rare,holofoil,2026-08-28,8.27
Applin,Twilight Masquerade,185,Illustration Rare,holofoil,2026-07-20,15.02
Applin,Twilight Masquerade,185,Illustration Rare,holofoil,2026-07-30,11.54
Applin,Twilight Masquerade,185,Illustration Rare,holofoil,2026-08-28,13.81
Arbok,Temporal Forces,176,Illustration Rare,holofoil,2026-07-20,32.17
Arbok,Temporal Forces,176,Illustration Rare,holofoil,2026-07-30,31.18
Arbok,Temporal Forces,176,Illustration Rare,holofoil,2026-08-28,29.73
Archaludon,Stellar Crown,155,Illustration Rare,holofoil,2026-07-20,4.23
Archaludon,Stellar Crown,155,Illustration Rare,holofoil,2026-07-30,3.97
Archaludon,Stellar Crown,155,Illustration Rare,holofoil,2026-08-28,4.08
Archeops,White Flare,132,Illustration Rare,holofoil,2026-07-20,15.09
Archeops,White Flare,132,Illustration Rare,holofoil,2026-07-30,14.17
Archeops,White Flare,132,Illustration Rare,holofoil,2026-08-28,13.68
Arctibax,Paldea Evolved,209,Illustration Rare,holofoil,2026-07-20,19.41
Arctibax,Paldea Evolved,209,Illustration Rare,holofoil,2026-07-30,18.69
Arctibax,Paldea Evolved,209,Illustration Rare,holofoil,2026-08-28,18.37
Armarouge,Scarlet & Violet,203,Illustration Rare,holofoil,2026-07-20,16.94
Armarouge,Scarlet & Violet,203,Illustration Rare,holofoil,2026-07-30,16.57
Armarouge,Scarlet & Violet,203,Illustration Rare,holofoil,2026-08-28,14.57
Articuno,Journey Together,161,Illustration Rare,holofoil,2026-07-20,21.38
Articuno,Journey Together,161,Illustration Rare,holofoil,2026-07-30,22.66
Articuno,Journey Together,161,Illustration Rare,holofoil,2026-08-28,19.69
Arven's Greedent,Destined Rivals,205,Illustration Rare,holofoil,2026-07-20,4.02
Arven's Greedent,Destined Rivals,205,Illustration Rare,holofoil,2026-07-30,3.78
Arven's Greedent,Destined Rivals,205,Illustration Rare,holofoil,2026-08-28,3.71
Audino,Black Bolt,151,Illustration Rare,holofoil,2026-07-20,42.01
Audino,Black Bolt,151,Illustration Rare,holofoil,2026-07-30,43.12
Audino,Black Bolt,151,Illustration Rare,holofoil,2026-08-28,43.81
Axew,Black Bolt,145,Illustration Rare,holofoil,2026-07-20,21.93
Axew,Black Bolt,145,Illustration Rare,holofoil,2026-07-30,21.58
Axew,Black Bolt,145,Illustration Rare,holofoil,2026-08-28,19.19
Basculin,White Flare,108,Illustration Rare,holofoil,2026-07-20,9.6
Basculin,White Flare,108,Illustration Rare,holofoil,2026-07-30,9.47
Basculin,White Flare,108,Illustration Rare,holofoil,2026-08-28,9.12
Baxcalibur,Paldea Evolved,210,Illustration Rare,holofoil,2026-07-20,38.05
Baxcalibur,Paldea Evolved,210,Illustration Rare,holofoil,2026-07-30,37.53
Baxcalibur,Paldea Evolved,210,Illustration Rare,holofoil,2026-08-28,35.55
Beartic,Black Bolt,110,Illustration Rare,holofoil,2026-07-20,10.23
Beartic,Black Bolt,110,Illustration Rare,holofoil,2026-07-30,10.78
Beartic,Black Bolt,110,Illustration Rare,holofoil,2026-08-28,9.64
Beheeyem,Black Bolt,121,Illustration Rare,holofoil,2026-07-20,8.62
Beheeyem,Black Bolt,121,Illustration Rare,holofoil,2026-07-30,8.54
Beheeyem,Black Bolt,121,Illustration Rare,holofoil,2026-08-28,7.16
Bellibolt,Obsidian Flames,201,Illustration Rare,holofoil,2026-07-20,5.6
Bellibolt,Obsidian Flames,201,Illustration Rare,holofoil,2026-07-30,5.86
Bellibolt,Obsidian Flames,201,Illustration Rare,holofoil,2026-08-28,5.81
Bewear,Shrouded Fable,79,Illustration Rare,holofoil,2026-07-20,30.31
Bewear,Shrouded Fable,79,Illustration Rare,holofoil,2026-07-30,28.56
Bewear,Shrouded Fable,79,Illustration Rare,holofoil,2026-08-28,26.6
Bisharp,Black Bolt,143,Illustration Rare,holofoil,2026-07-20,12.07
Bisharp,Black Bolt,143,Illustration Rare,holofoil,2026-07-30,12.41
Bisharp,Black Bolt,143,Illustration Rare,holofoil,2026-08-28,12.46
Blaziken,Destined Rivals,192,Illustration Rare,holofoil,2026-07-20,11.03
Blaziken,Destined Rivals,192,Illustration Rare,holofoil,2026-07-30,11.83
Blaziken,Destined Rivals,192,Illustration Rare,holofoil,2026-08-28,11.03
Blitzle,Paradox Rift,195,Illustration Rare,holofoil,2026-07-20,11.37
Blitzle,White Flare,114,Illustration Rare,holofoil,2026-07-20,11.32
Blitzle,Paradox Rift,195,Illustration Rare,holofoil,2026-07-30,11.89
Blitzle,White Flare,114,Illustration Rare,holofoil,2026-07-30,10.97
Blitzle,Paradox Rift,195,Illustration Rare,holofoil,2026-08-28,10.95
Blitzle,White Flare,114,Illustration Rare,holofoil,2026-08-28,11.29
Boldore,White Flare,128,Illustration Rare,holofoil,2026-07-20,6.53
Boldore,White Flare,128,Illustration Rare,holofoil,2026-07-30,6.29
Boldore,White Flare,128,Illustration Rare,holofoil,2026-08-28,5.49
Bombirdier,Scarlet & Violet,219,Illustration Rare,holofoil,2026-07-20,5.87
Bombirdier,Scarlet & Violet,219,Illustration Rare,holofoil,2026-07-30,6.14
Bombirdier,Scarlet & Violet,219,Illustration Rare,holofoil,2026-08-28,6.55
Bramblin,Paldea Evolved,198,Illustration Rare,holofoil,2026-07-20,11.06
Bramblin,Paldea Evolved,198,Illustration Rare,holofoil,2026-07-30,11.27
Bramblin,Paldea Evolved,198,Illustration Rare,holofoil,2026-08-28,10.67
Braviary,Surging Sparks,214,Illustration Rare,holofoil,2026-07-20,5.39
Braviary,Black Bolt,155,Illustration Rare,holofoil,2026-07-20,11.54
Braviary,Surging Sparks,214,Illustration Rare,holofoil,2026-07-30,5.4
Braviary,Black Bolt,155,Illustration Rare,holofoil,2026-07-30,10.73
Braviary,Surging Sparks,214,Illustration Rare,holofoil,2026-08-28,6.08
Braviary,Black Bolt,155,Illustration Rare,holofoil,2026-08-28,10.63
Bronzor,Temporal Forces,170,Illustration Rare,holofoil,2026-07-20,8.54
Bronzor,Temporal Forces,170,Illustration Rare,holofoil,2026-07-30,8.19
Bronzor,Temporal Forces,170,Illustration Rare,holofoil,2026-08-28,8.74
Brute Bonnet,Paradox Rift,207,Illustration Rare,holofoil,2026-07-20,19.91
Brute Bonnet,Paradox Rift,207,Illustration Rare,holofoil,2026-07-30,17.66
Brute Bonnet,Paradox Rift,207,Illustration Rare,holofoil,2026-08-28,18.89
Bruxish,Surging Sparks,200,Illustration Rare,holofoil,2026-07-20,2.55
Bruxish,Surging Sparks,200,Illustration Rare,holofoil,2026-07-30,2.67
Bruxish,Surging Sparks,200,Illustration Rare,holofoil,2026-08-28,3.01
Bulbasaur,151,166,Illustration Rare,holofoil,2026-07-20,85.63
Bulbasaur,Stellar Crown,143,Illustration Rare,holofoil,2026-07-20,113.86
Bulbasaur,Mega Evolution,133,Illustration Rare,holofoil,2026-07-20,19.72
Bulbasaur,151,166,Illustration Rare,holofoil,2026-07-30,86.48
Bulbasaur,Stellar Crown,143,Illustration Rare,holofoil,2026-07-30,110.73
Bulbasaur,Mega Evolution,133,Illustration Rare,holofoil,2026-07-30,20.53
Bulbasaur,151,166,Illustration Rare,holofoil,2026-08-28,80.82
Bulbasaur,Stellar Crown,143,Illustration Rare,holofoil,2026-08-28,102.94
Bulbasaur,Mega Evolution,133,Illustration Rare,holofoil,2026-08-28,20.61
Carracosta,Black Bolt,107,Illustration Rare,holofoil,2026-07-20,14.94
Carracosta,Black Bolt,107,Illustration Rare,holofoil,2026-07-30,14.33
Carracosta,Black Bolt,107,Illustration Rare,holofoil,2026-08-28,12.68
Castform Sunny Form,Surging Sparks,195,Illustration Rare,holofoil,2026-07-20,8.81
Castform Sunny Form,Surging Sparks,195,Illustration Rare,holofoil,2026-07-30,8.32
Castform Sunny Form,Surging Sparks,195,Illustration Rare,holofoil,2026-08-28,8.92
Caterpie,151,172,Illustration Rare,holofoil,2026-07-20,18.29
Caterpie,151,172,Illustration Rare,holofoil,2026-07-30,19.34
Caterpie,151,172,Illustration Rare,holofoil,2026-08-28,19.7
Ceruledge,Surging Sparks,197,Illustration Rare,holofoil,2026-07-20,24.45
Ceruledge,Surging Sparks,197,Illustration Rare,holofoil,2026-07-30,25.45
Ceruledge,Surging Sparks,197,Illustration Rare,holofoil,2026-08-28,25.23
Cetitan,Surging Sparks,201,Illustration Rare,holofoil,2026-07-20,3.15
Cetitan,Surging Sparks,201,Illustration Rare,holofoil,2026-07-30,3.03
Cetitan,Surging Sparks,201,Illustration Rare,holofoil,2026-08-28,2.97
Chandelure,White Flare,103,Illustration Rare,holofoil,2026-07-20,66.24
Chandelure,White Flare,103,Illustration Rare,holofoil,2026-07-30,71.8
Chandelure,White Flare,103,Illustration Rare,holofoil,2026-08-28,72.25
Chansey,Twilight Masquerade,187,Illustration Rare,holofoil,2026-07-20,57.47
Chansey,Twilight Masquerade,187,Illustration Rare,holofoil,2026-07-30,56.25
Chansey,Twilight Masquerade,187,Illustration Rare,holofoil,2026-08-28,54.44
Charjabug,Temporal Forces,169,Illustration Rare,holofoil,2026-07-20,9.01
Charjabug,Temporal Forces,169,Illustration Rare,holofoil,2026-07-30,9.17
Charjabug,Temporal Forces,169,Illustration Rare,holofoil,2026-08-28,10.41
Charmander,151,168,Illustration Rare,holofoil,2026-07-20,78.96
Charmander,151,168,Illustration Rare,holofoil,2026-07-30,88.48
Charmander,151,168,Illustration Rare,holofoil,2026-08-28,94.96
Charmeleon,151,169,Illustration Rare,holofoil,2026-07-20,58.83
Charmeleon,151,169,Illustration Rare,holofoil,2026-07-30,60.66
Charmeleon,151,169,Illustration Rare,holofoil,2026-08-28,57.95
Chatot,Temporal Forces,181,Illustration Rare,holofoil,2026-07-20,11.9
Chatot,Temporal Forces,181,Illustration Rare,holofoil,2026-07-30,11.02
Chatot,Temporal Forces,181,Illustration Rare,holofoil,2026-08-28,11.79
Chimecho,Twilight Masquerade,179,Illustration Rare,holofoil,2026-07-20,5.91
Chimecho,Twilight Masquerade,179,Illustration Rare,holofoil,2026-07-30,5.48
Chimecho,Twilight Masquerade,179,Illustration Rare,holofoil,2026-08-28,6.21
Cinccino,Temporal Forces,183,Illustration Rare,holofoil,2026-07-20,43.06
Cinccino,Black Bolt,153,Illustration Rare,holofoil,2026-07-20,31.45
Cinccino,Temporal Forces,183,Illustration Rare,holofoil,2026-07-30,44.38
Cinccino,Black Bolt,153,Illustration Rare,holofoil,2026-07-30,32.36
Cinccino,Temporal Forces,183,Illustration Rare,holofoil,2026-08-28,44.21
Cinccino,Black Bolt,153,Illustration Rare,holofoil,2026-08-28,30.53
Clamperl,Destined Rivals,195,Illustration Rare,holofoil,2026-07-20,4.98
Clamperl,Destined Rivals,195,Illustration Rare,holofoil,2026-07-30,4.71
Clamperl,Destined Rivals,195,Illustration Rare,holofoil,2026-08-28,5.29
Clauncher,Scarlet & Violet,205,Illustration Rare,holofoil,2026-07-20,8.26
Clauncher,Scarlet & Violet,205,Illustration Rare,holofoil,2026-07-30,7.55
Clauncher,Scarlet & Violet,205,Illustration Rare,holofoil,2026-08-28,7.81
Clawitzer,Mega Evolution,141,Illustration Rare,holofoil,2026-07-20,1.92
Clawitzer,Mega Evolution,141,Illustration Rare,holofoil,2026-07-30,1.97
Clawitzer,Mega Evolution,141,Illustration Rare,holofoil,2026-08-28,2.42
Cleffa,Obsidian Flames,202,Illustration Rare,holofoil,2026-07-20,38.29
Cleffa,Obsidian Flames,202,Illustration Rare,holofoil,2026-07-30,39.01
Cleffa,Obsidian Flames,202,Illustration Rare,holofoil,2026-08-28,37.68
Clobbopus,Surging Sparks,207,Illustration Rare,holofoil,2026-07-20,7.57
Clobbopus,Surging Sparks,207,Illustration Rare,holofoil,2026-07-30,7.51
Clobbopus,Surging Sparks,207,Illustration Rare,holofoil,2026-08-28,6.34
Cobalion,Black Bolt,144,Illustration Rare,holofoil,2026-07-20,33.44
Cobalion,Black Bolt,144,Illustration Rare,holofoil,2026-07-30,32.98
Cobalion,Black Bolt,144,Illustration Rare,holofoil,2026-08-28,31.27
Cofagrigus,White Flare,123,Illustration Rare,holofoil,2026-07-20,28.16
Cofagrigus,White Flare,123,Illustration Rare,holofoil,2026-07-30,28.23
Cofagrigus,White Flare,123,Illustration Rare,holofoil,2026-08-28,29.17
Conkeldurr,Black Bolt,127,Illustration Rare,holofoil,2026-07-20,41.34
Conkeldurr,Black Bolt,127,Illustration Rare,holofoil,2026-07-30,41.51
Conkeldurr,Black Bolt,127,Illustration Rare,holofoil,2026-08-28,36.71
Cottonee,White Flare,90,Illustration Rare,holofoil,2026-07-20,10.16
Cottonee,White Flare,90,Illustration Rare,holofoil,2026-07-30,10.01
Cottonee,White Flare,90,Illustration Rare,holofoil,2026-08-28,10.61
Crabominable,Stellar Crown,149,Illustration Rare,holofoil,2026-07-20,3.0
Crabominable,Stellar Crown,149,Illustration Rare,holofoil,2026-07-30,3.13
Crabominable,Stellar Crown,149,Illustration Rare,holofoil,2026-08-28,3.66
Cramorant,Twilight Masquerade,176,Illustration Rare,holofoil,2026-07-20,5.21
Cramorant,Twilight Masquerade,176,Illustration Rare,holofoil,2026-07-30,5.17
Cramorant,Twilight Masquerade,176,Illustration Rare,holofoil,2026-08-28,4.59
Cresselia,Shrouded Fable,71,Illustration Rare,holofoil,2026-07-20,27.46
Cresselia,Shrouded Fable,71,Illustration Rare,holofoil,2026-07-30,27.97
Cresselia,Shrouded Fable,71,Illustration Rare,holofoil,2026-08-28,27.34
Crocalor,Paldea Evolved,202,Illustration Rare,holofoil,2026-07-20,19.58
Crocalor,Paldea Evolved,202,Illustration Rare,holofoil,2026-07-30,19.28
Crocalor,Paldea Evolved,202,Illustration Rare,holofoil,2026-08-28,17.84
Crustle,Paradox Rift,183,Illustration Rare,holofoil,2026-07-20,5.71
Crustle,Destined Rivals,186,Illustration Rare,holofoil,2026-07-20,3.55
Crustle,Black Bolt,130,Illustration Rare,holofoil,2026-07-20,7.85
Crustle,Paradox Rift,183,Illustration Rare,holofoil,2026-07-30,5.42
Crustle,Destined Rivals,186,Illustration Rare,holofoil,2026-07-30,3.56
Crustle,Black Bolt,130,Illustration Rare,holofoil,2026-07-30,7.82
Crustle,Paradox Rift,183,Illustration Rare,holofoil,2026-08-28,5.84
Crustle,Destined Rivals,186,Illustration Rare,holofoil,2026-08-28,2.66
Crustle,Black Bolt,130,Illustration Rare,holofoil,2026-08-28,7.07
Cryogonal,Black Bolt,111,Illustration Rare,holofoil,2026-07-20,9.78
Cryogonal,Black Bolt,111,Illustration Rare,holofoil,2026-07-30,9.31
Cryogonal,Black Bolt,111,Illustration Rare,holofoil,2026-08-28,9.62
Cubchoo,Black Bolt,109,Illustration Rare,holofoil,2026-07-20,19.92
Cubchoo,Black Bolt,109,Illustration Rare,holofoil,2026-07-30,19.98
Cubchoo,Black Bolt,109,Illustration Rare,holofoil,2026-08-28,19.66
Cufant,Shrouded Fable,76,Illustration Rare,holofoil,2026-07-20,16.11
Cufant,Shrouded Fable,76,Illustration Rare,holofoil,2026-07-30,13.91
Cufant,Shrouded Fable,76,Illustration Rare,holofoil,2026-08-28,16.55
Cutiefly,Temporal Forces,172,Illustration Rare,holofoil,2026-07-20,9.06
Cutiefly,Temporal Forces,172,Illustration Rare,holofoil,2026-07-30,8.61
Cutiefly,Temporal Forces,172,Illustration Rare,holofoil,2026-08-28,9.75
Cyclizar,Paradox Rift,215,Illustration Rare,holofoil,2026-07-20,8.07
Cyclizar,Paradox Rift,215,Illustration Rare,holofoil,2026-07-30,7.47
Cyclizar,Paradox Rift,215,Illustration Rare,holofoil,2026-08-28,8.36
Cynthia's Roserade,Destined Rivals,184,Illustration Rare,holofoil,2026-07-20,14.45
Cynthia's Roserade,Destined Rivals,184,Illustration Rare,holofoil,2026-07-30,14.66
Cynthia's Roserade,Destined Rivals,184,Illustration Rare,holofoil,2026-08-28,14.24
Darmanitan,Black Bolt,98,Illustration Rare,holofoil,2026-07-20,12.52
Darmanitan,Black Bolt,98,Illustration Rare,holofoil,2026-07-30,13.04
Darmanitan,Black Bolt,98,Illustration Rare,holofoil,2026-08-28,11.87
Darumaka,Black Bolt,97,Illustration Rare,holofoil,2026-07-20,16.97
Darumaka,Black Bolt,97,Illustration Rare,holofoil,2026-07-30,16.8
Darumaka,Black Bolt,97,Illustration Rare,holofoil,2026-08-28,16.33
Deerling,Temporal Forces,165,Illustration Rare,holofoil,2026-07-20,45.0
Deerling,White Flare,91,Illustration Rare,holofoil,2026-07-20,24.12
Deerling,Temporal Forces,165,Illustration Rare,holofoil,2026-07-30,44.51
Deerling,White Flare,91,Illustration Rare,holofoil,2026-07-30,24.21
Deerling,Temporal Forces,165,Illustration Rare,holofoil,2026-08-28,42.6
Deerling,White Flare,91,Illustration Rare,holofoil,2026-08-28,22.84
Deino,White Flare,146,Illustration Rare,holofoil,2026-07-20,18.46
Deino,White Flare,146,Illustration Rare,holofoil,2026-07-30,18.34
Deino,White Flare,146,Illustration Rare,holofoil,2026-08-28,18.36
Delibird,Mega Evolution,152,Illustration Rare,holofoil,2026-07-20,2.45
Delibird,Mega Evolution,152,Illustration Rare,holofoil,2026-07-30,2.85
Delibird,Mega Evolution,152,Illustration Rare,holofoil,2026-08-28,2.89
Dewgong,Phantasmal Flames,97,Illustration Rare,holofoil,2026-07-20,4.8
Dewgong,Phantasmal Flames,97,Illustration Rare,holofoil,2026-07-30,4.92
Dewgong,Phantasmal Flames,97,Illustration Rare,holofoil,2026-08-28,4.86
Dewott,White Flare,106,Illustration Rare,holofoil,2026-07-20,23.76
Dewott,White Flare,106,Illustration Rare,holofoil,2026-07-30,24.94
Dewott,White Flare,106,Illustration Rare,holofoil,2026-08-28,23.09
Dipplin,Twilight Masquerade,170,Illustration Rare,holofoil,2026-07-20,12.44
Dipplin,Twilight Masquerade,170,Illustration Rare,holofoil,2026-07-30,13.91
Dipplin,Twilight Masquerade,170,Illustration Rare,holofoil,2026-08-28,13.29
Dolliv,Scarlet & Violet,200,Illustration Rare,holofoil,2026-07-20,7.32
Dolliv,Scarlet & Violet,200,Illustration Rare,holofoil,2026-07-30,7.46
Dolliv,Scarlet & Violet,200,Illustration Rare,holofoil,2026-08-28,7.46
Dondozo,Scarlet & Violet,207,Illustration Rare,holofoil,2026-07-20,14.77
Dondozo,Scarlet & Violet,207,Illustration Rare,holofoil,2026-07-30,13.4
Dondozo,Scarlet & Violet,207,Illustration Rare,holofoil,2026-08-28,13.21
Dottler,Paradox Rift,184,Illustration Rare,holofoil,2026-07-20,5.96
Dottler,Paradox Rift,184,Illustration Rare,holofoil,2026-07-30,5.74
Dottler,Paradox Rift,184,Illustration Rare,holofoil,2026-08-28,5.73
Dragonair,151,181,Illustration Rare,holofoil,2026-07-20,49.41
Dragonair,151,181,Illustration Rare,holofoil,2026-07-30,51.37
Dragonair,151,181,Illustration Rare,holofoil,2026-08-28,51.44
Drampa,Temporal Forces,184,Illustration Rare,holofoil,2026-07-20,31.2
Drampa,Temporal Forces,184,Illustration Rare,holofoil,2026-07-30,29.45
Drampa,Temporal Forces,184,Illustration Rare,holofoil,2026-08-28,27.14
Drilbur,Black Bolt,124,Illustration Rare,holofoil,2026-07-20,8.23
Drilbur,Black Bolt,124,Illustration Rare,holofoil,2026-07-30,8.35
Drilbur,Black Bolt,124,Illustration Rare,holofoil,2026-08-28,7.58
Drowzee,Scarlet & Violet,210,Illustration Rare,holofoil,2026-07-20,61.73
Drowzee,Scarlet & Violet,210,Illustration Rare,holofoil,2026-07-30,59.78
Drowzee,Scarlet & Violet,210,Illustration Rare,holofoil,2026-08-28,59.08
Druddigon,White Flare,151,Illustration Rare,holofoil,2026-07-20,28.97
Druddigon,White Flare,151,Illustration Rare,holofoil,2026-07-30,28.97
Druddigon,White Flare,151,Illustration Rare,holofoil,2026-08-28,23.62
Ducklett,White Flare,109,Illustration Rare,holofoil,2026-07-20,35.88
Ducklett,White Flare,109,Illustration Rare,holofoil,2026-07-30,35.63
Ducklett,White Flare,109,Illustration Rare,holofoil,2026-08-28,33.77
Dudunsparce,Paldea Evolved,229,Illustration Rare,holofoil,2026-07-20,11.57
Dudunsparce,Paldea Evolved,229,Illustration Rare,holofoil,2026-07-30,12.52
Dudunsparce,Paldea Evolved,229,Illustration Rare,holofoil,2026-08-28,12.75
Duosion,Black Bolt,119,Illustration Rare,holofoil,2026-07-20,16.26
Duosion,Black Bolt,119,Illustration Rare,holofoil,2026-07-30,15.79
Duosion,Black Bolt,119,Illustration Rare,holofoil,2026-08-28,15.43
Durant,White Flare,150,Illustration Rare,holofoil,2026-07-20,12.37
Durant,White Flare,150,Illustration Rare,holofoil,2026-07-30,13.55
Durant,White Flare,150,Illustration Rare,holofoil,2026-08-28,12.38
Dusclops,Shrouded Fable,69,Illustration Rare,holofoil,2026-07-20,46.06
Dusclops,Shrouded Fable,69,Illustration Rare,holofoil,2026-07-30,45.26
Dusclops,Shrouded Fable,69,Illustration Rare,holofoil,2026-08-28,31.06
Dusknoir,Shrouded Fable,70,Illustration Rare,holofoil,2026-07-20,34.46
Dusknoir,Shrouded Fable,70,Illustration Rare,holofoil,2026-07-30,32.26
Dusknoir,Shrouded Fable,70,Illustration Rare,holofoil,2026-08-28,32.23
Duskull,Shrouded Fable,68,Illustration Rare,holofoil,2026-07-20,60.07
Duskull,Shrouded Fable,68,Illustration Rare,holofoil,2026-07-30,59.55
Duskull,Shrouded Fable,68,Illustration Rare,holofoil,2026-08-28,53.95
Dwebble,Black Bolt,129,Illustration Rare,holofoil,2026-07-20,65.16
Dwebble,Black Bolt,129,Illustration Rare,holofoil,2026-07-30,62.7
Dwebble,Black Bolt,129,Illustration Rare,holofoil,2026-08-28,53.33
Eelektrik,Black Bolt,114,Illustration Rare,holofoil,2026-07-20,23.91
Eelektrik,Black Bolt,114,Illustration Rare,holofoil,2026-07-30,24.0
Eelektrik,Black Bolt,114,Illustration Rare,holofoil,2026-08-28,22.86
Eelektross,Black Bolt,115,Illustration Rare,holofoil,2026-07-20,30.09
Eelektross,Black Bolt,115,Illustration Rare,holofoil,2026-07-30,29.77
Eelektross,Black Bolt,115,Illustration Rare,holofoil,2026-08-28,28.29
Eevee,Twilight Masquerade,188,Illustration Rare,holofoil,2026-07-20,96.51
Eevee,Twilight Masquerade,188,Illustration Rare,holofoil,2026-07-30,95.67
Eevee,Twilight Masquerade,188,Illustration Rare,holofoil,2026-08-28,95.12
Eiscue,Paldea Evolved,205,Illustration Rare,holofoil,2026-07-20,23.07
Eiscue,Paldea Evolved,205,Illustration Rare,holofoil,2026-07-30,22.35
Eiscue,Paldea Evolved,205,Illustration Rare,holofoil,2026-08-28,21.7
Electrike,Destined Rivals,196,Illustration Rare,holofoil,2026-07-20,3.79
Electrike,Destined Rivals,196,Illustration Rare,holofoil,2026-07-30,3.85
Electrike,Destined Rivals,196,Illustration Rare,holofoil,2026-08-28,3.23
Elgyem,Black Bolt,120,Illustration Rare,holofoil,2026-07-20,15.02
Elgyem,Black Bolt,120,Illustration Rare,holofoil,2026-07-30,15.0
Elgyem,Black Bolt,120,Illustration Rare,holofoil,2026-08-28,13.3
Emboar,White Flare,98,Illustration Rare,holofoil,2026-07-20,46.78
Emboar,White Flare,98,Illustration Rare,holofoil,2026-07-30,46.93
Emboar,White Flare,98,Illustration Rare,holofoil,2026-08-28,45.4
Emolga,Black Bolt,112,Illustration Rare,holofoil,2026-07-20,19.68
Emolga,Black Bolt,112,Illustration Rare,holofoil,2026-07-30,19.14
Emolga,Black Bolt,112,Illustration Rare,holofoil,2026-08-28,17.85
Enamorus,Twilight Masquerade,180,Illustration Rare,holofoil,2026-07-20,7.45
Enamorus,Twilight Masquerade,180,Illustration Rare,holofoil,2026-07-30,6.88
Enamorus,Twilight Masquerade,180,Illustration Rare,holofoil,2026-08-28,7.08
Escavalier,Black Bolt,138,Illustration Rare,holofoil,2026-07-20,18.55
Escavalier,Black Bolt,138,Illustration Rare,holofoil,2026-07-30,18.39
Escavalier,Black Bolt,138,Illustration Rare,holofoil,2026-08-28,18.2
Espathra,Paradox Rift,197,Illustration Rare,holofoil,2026-07-20,8.68
Espathra,Paradox Rift,197,Illustration Rare,holofoil,2026-07-30,8.7
Espathra,Paradox Rift,197,Illustration Rare,holofoil,2026-08-28,9.64
Ethan's Typhlosion,Destined Rivals,190,Illustration Rare,holofoil,2026-07-20,30.17
Ethan's Typhlosion,Destined Rivals,190,Illustration Rare,holofoil,2026-07-30,26.78
Ethan's Typhlosion,Destined Rivals,190,Illustration Rare,holofoil,2026-08-28,25.15
Excadrill,Temporal Forces,174,Illustration Rare,holofoil,2026-07-20,11.79
Excadrill,Temporal Forces,174,Illustration Rare,holofoil,2026-07-30,11.32
Excadrill,Temporal Forces,174,Illustration Rare,holofoil,2026-08-28,11.98
Exeggcute,Surging Sparks,192,Illustration Rare,holofoil,2026-07-20,8.25
Exeggcute,Surging Sparks,192,Illustration Rare,holofoil,2026-07-30,8.76
Exeggcute,Surging Sparks,192,Illustration Rare,holofoil,2026-08-28,8.89
Exeggutor,Mega Evolution,135,Illustration Rare,holofoil,2026-07-20,5.13
Exeggutor,Mega Evolution,135,Illustration Rare,holofoil,2026-07-30,5.48
Exeggutor,Mega Evolution,135,Illustration Rare,holofoil,2026-08-28,5.7
Farigiraf,Paldea Evolved,228,Illustration Rare,holofoil,2026-07-20,15.75
Farigiraf,Paldea Evolved,228,Illustration Rare,holofoil,2026-07-30,15.72
Farigiraf,Paldea Evolved,228,Illustration Rare,holofoil,2026-08-28,14.08
Feebas,Surging Sparks,198,Illustration Rare,holofoil,2026-07-20,10.0
Feebas,Surging Sparks,198,Illustration Rare,holofoil,2026-07-30,9.05
Feebas,Surging Sparks,198,Illustration Rare,holofoil,2026-08-28,9.48
Ferroseed,White Flare,148,Illustration Rare,holofoil,2026-07-20,7.78
Ferroseed,White Flare,148,Illustration Rare,holofoil,2026-07-30,7.59
Ferroseed,White Flare,148,Illustration Rare,holofoil,2026-08-28,6.83
Ferrothorn,Paradox Rift,209,Illustration Rare,holofoil,2026-07-20,6.12
Ferrothorn,White Flare,149,Illustration Rare,holofoil,2026-07-20,20.04
Ferrothorn,Paradox Rift,209,Illustration Rare,holofoil,2026-07-30,6.19
Ferrothorn,White Flare,149,Illustration Rare,holofoil,2026-07-30,19.63
Ferrothorn,Paradox Rift,209,Illustration Rare,holofoil,2026-08-28,6.36
Ferrothorn,White Flare,149,Illustration Rare,holofoil,2026-08-28,18.8
Fezandipiti,Shrouded Fable,73,Illustration Rare,holofoil,2026-07-20,15.79
Fezandipiti,Shrouded Fable,73,Illustration Rare,holofoil,2026-07-30,15.77
Fezandipiti,Shrouded Fable,73,Illustration Rare,holofoil,2026-08-28,13.39
Fidough,Scarlet & Violet,213,Illustration Rare,holofoil,2026-07-20,27.95
Fidough,Scarlet & Violet,213,Illustration Rare,holofoil,2026-07-30,25.67
Fidough,Scarlet & Violet,213,Illustration Rare,holofoil,2026-08-28,27.25
Flamigo,Paldea Evolved,227,Illustration Rare,holofoil,2026-07-20,11.14
Flamigo,Paldea Evolved,227,Illustration Rare,holofoil,2026-07-30,11.39
Flamigo,Paldea Evolved,227,Illustration Rare,holofoil,2026-08-28,12.42
Flapple,Surging Sparks,210,Illustration Rare,holofoil,2026-07-20,4.96
Flapple,Surging Sparks,210,Illustration Rare,holofoil,2026-07-30,4.3
Flapple,Surging Sparks,210,Illustration Rare,holofoil,2026-08-28,4.78
Fletchinder,Paldea Evolved,199,Illustration Rare,holofoil,2026-07-20,20.58
Fletchinder,Paldea Evolved,199,Illustration Rare,holofoil,2026-07-30,20.41
Fletchinder,Paldea Evolved,199,Illustration Rare,holofoil,2026-08-28,20.97
Floragato,Paldea Evolved,197,Illustration Rare,holofoil,2026-07-20,23.2
Floragato,Paldea Evolved,197,Illustration Rare,holofoil,2026-07-30,22.82
Floragato,Paldea Evolved,197,Illustration Rare,holofoil,2026-08-28,23.24
Flygon,Phantasmal Flames,101,Illustration Rare,holofoil,2026-07-20,5.01
Flygon,Phantasmal Flames,101,Illustration Rare,holofoil,2026-07-30,5.71
Flygon,Phantasmal Flames,101,Illustration Rare,holofoil,2026-08-28,5.46
Foongus,Black Bolt,95,Illustration Rare,holofoil,2026-07-20,19.07
Foongus,Black Bolt,95,Illustration Rare,holofoil,2026-07-30,18.5
Foongus,Black Bolt,95,Illustration Rare,holofoil,2026-08-28,18.46
Fraxure,Shrouded Fable,77,Illustration Rare,holofoil,2026-07-20,18.94
Fraxure,Black Bolt,146,Illustration Rare,holofoil,2026-07-20,32.07
Fraxure,Shrouded Fable,77,Illustration Rare,holofoil,2026-07-30,18.48
Fraxure,Black Bolt,146,Illustration Rare,holofoil,2026-07-30,34.27
Fraxure,Shrouded Fable,77,Illustration Rare,holofoil,2026-08-28,19.01
Fraxure,Black Bolt,146,Illustration Rare,holofoil,2026-08-28,34.18
Frigibax,Paldea Evolved,208,Illustration Rare,holofoil,2026-07-20,25.45
Frigibax,Paldea Evolved,208,Illustration Rare,holofoil,2026-07-30,24.41
Frigibax,Paldea Evolved,208,Illustration Rare,holofoil,2026-08-28,24.04
Frillish,White Flare,126,Illustration Rare,holofoil,2026-07-20,15.27
Frillish,White Flare,126,Illustration Rare,holofoil,2026-07-30,14.67
Frillish,White Flare,126,Illustration Rare,holofoil,2026-08-28,13.86
Froslass,Twilight Masquerade,174,Illustration Rare,holofoil,2026-07-20,7.89
Froslass,Twilight Masquerade,174,Illustration Rare,holofoil,2026-07-30,8.75
Froslass,Twilight Masquerade,174,Illustration Rare,holofoil,2026-08-28,7.24
Fuecoco,Paldea Evolved,201,Illustration Rare,holofoil,2026-07-20,59.42
Fuecoco,Paldea Evolved,201,Illustration Rare,holofoil,2026-07-30,57.01
Fuecoco,Paldea Evolved,201,Illustration Rare,holofoil,2026-08-28,56.01
Furret,Journey Together,168,Illustration Rare,holofoil,2026-07-20,9.31
Furret,Journey Together,168,Illustration Rare,holofoil,2026-07-30,9.32
Furret,Journey Together,168,Illustration Rare,holofoil,2026-08-28,8.34
Galvantula,White Flare,117,Illustration Rare,holofoil,2026-07-20,19.97
Galvantula,White Flare,117,Illustration Rare,holofoil,2026-07-30,20.31
Galvantula,White Flare,117,Illustration Rare,holofoil,2026-08-28,20.44
Garbodor,Paradox Rift,204,Illustration Rare,holofoil,2026-07-20,19.69
Garbodor,White Flare,141,Illustration Rare,holofoil,2026-07-20,21.9
Garbodor,Paradox Rift,204,Illustration Rare,holofoil,2026-07-30,19.68
Garbodor,White Flare,141,Illustration Rare,holofoil,2026-07-30,21.81
Garbodor,Paradox Rift,204,Illustration Rare,holofoil,2026-08-28,21.02
Garbodor,White Flare,141,Illustration Rare,holofoil,2026-08-28,20.41
Garganacl,Paradox Rift,202,Illustration Rare,holofoil,2026-07-20,6.56
Garganacl,Mega Evolution,147,Illustration Rare,holofoil,2026-07-20,1.49
Garganacl,Paradox Rift,202,Illustration Rare,holofoil,2026-07-30,6.5
Garganacl,Mega Evolution,147,Illustration Rare,holofoil,2026-07-30,1.38
Garganacl,Paradox Rift,202,Illustration Rare,holofoil,2026-08-28,6.5
Garganacl,Mega Evolution,147,Illustration Rare,holofoil,2026-08-28,1.72
Gastly,Temporal Forces,177,Illustration Rare,holofoil,2026-07-20,102.59
Gastly,Temporal Forces,177,Illustration Rare,holofoil,2026-07-30,101.28
Gastly,Temporal Forces,177,Illustration Rare,holofoil,2026-08-28,95.89
Gigalith,White Flare,129,Illustration Rare,holofoil,2026-07-20,19.38
Gigalith,White Flare,129,Illustration Rare,holofoil,2026-07-30,19.03
Gigalith,White Flare,129,Illustration Rare,holofoil,2026-08-28,18.09
Gimmighoul,Paradox Rift,198,Illustration Rare,holofoil,2026-07-20,14.99
Gimmighoul,Paradox Rift,198,Illustration Rare,holofoil,2026-07-30,14.36
Gimmighoul,Paradox Rift,198,Illustration Rare,holofoil,2026-08-28,15.47
Gloom,Obsidian Flames,198,Illustration Rare,holofoil,2026-07-20,26.94
Gloom,Obsidian Flames,198,Illustration Rare,holofoil,2026-07-30,24.19
Gloom,Obsidian Flames,198,Illustration Rare,holofoil,2026-08-28,22.69
Golett,Black Bolt,122,Illustration Rare,holofoil,2026-07-20,13.43
Golett,Black Bolt,122,Illustration Rare,holofoil,2026-07-30,11.77
Golett,Black Bolt,122,Illustration Rare,holofoil,2026-08-28,9.78
Golurk,Black Bolt,123,Illustration Rare,holofoil,2026-07-20,16.65
Golurk,Black Bolt,123,Illustration Rare,holofoil,2026-07-30,15.18
Golurk,Black Bolt,123,Illustration Rare,holofoil,2026-08-28,14.8
Gothita,White Flare,124,Illustration Rare,holofoil,2026-07-20,25.29
Gothita,White Flare,124,Illustration Rare,holofoil,2026-07-30,25.77
Gothita,White Flare,124,Illustration Rare,holofoil,2026-08-28,24.54
Gothorita,Paldea Evolved,213,Illustration Rare,holofoil,2026-07-20,13.35
Gothorita,White Flare,125,Illustration Rare,holofoil,2026-07-20,18.85
Gothorita,Paldea Evolved,213,Illustration Rare,holofoil,2026-07-30,13.34
Gothorita,White Flare,125,Illustration Rare,holofoil,2026-07-30,19.83
Gothorita,Paldea Evolved,213,Illustration Rare,holofoil,2026-08-28,13.72
Gothorita,White Flare,125,Illustration Rare,holofoil,2026-08-28,18.63
Grafaiai,Paldea Evolved,223,Illustration Rare,holofoil,2026-07-20,8.49
Grafaiai,Paldea Evolved,223,Illustration Rare,holofoil,2026-07-30,8.68
Grafaiai,Paldea Evolved,223,Illustration Rare,holofoil,2026-08-28,8.33
Greavard,Scarlet & Violet,214,Illustration Rare,holofoil,2026-07-20,22.17
Greavard,Scarlet & Violet,214,Illustration Rare,holofoil,2026-07-30,21.56
Greavard,Scarlet & Violet,214,Illustration Rare,holofoil,2026-08-28,20.7
Grotle,Temporal Forces,164,Illustration Rare,holofoil,2026-07-20,15.99
Grotle,Temporal Forces,164,Illustration Rare,holofoil,2026-07-30,17.12
Grotle,Temporal Forces,164,Illustration Rare,holofoil,2026-08-28,16.59
Groudon,Paradox Rift,199,Illustration Rare,holofoil,2026-07-20,117.67
Groudon,Paradox Rift,199,Illustration Rare,holofoil,2026-07-30,119.38
Groudon,Paradox Rift,199,Illustration Rare,holofoil,2026-08-28,120.02
Gulpin,Stellar Crown,154,Illustration Rare,holofoil,2026-07-20,14.21
Gulpin,Stellar Crown,154,Illustration Rare,holofoil,2026-07-30,14.0
Gulpin,Stellar Crown,154,Illustration Rare,holofoil,2026-08-28,13.71
Gumshoos,Mega Evolution,153,Illustration Rare,holofoil,2026-07-20,3.0
Gumshoos,Mega Evolution,153,Illustration Rare,holofoil,2026-07-30,2.8
Gumshoos,Mega Evolution,153,Illustration Rare,holofoil,2026-08-28,2.88
Gurdurr,Black Bolt,126,Illustration Rare,holofoil,2026-07-20,12.34
Gurdurr,Black Bolt,126,Illustration Rare,holofoil,2026-07-30,12.37
Gurdurr,Black Bolt,126,Illustration Rare,holofoil,2026-08-28,11.55
Haxorus,Black Bolt,147,Illustration Rare,holofoil,2026-07-20,76.53
Haxorus,Black Bolt,147,Illustration Rare,holofoil,2026-07-30,75.39
Haxorus,Black Bolt,147,Illustration Rare,holofoil,2026-08-28,71.16
Heatmor,White Flare,104,Illustration Rare,holofoil,2026-07-20,9.1
Heatmor,White Flare,104,Illustration Rare,holofoil,2026-07-30,8.43
Heatmor,White Flare,104,Illustration Rare,holofoil,2026-08-28,7.88
Heliolisk,Twilight Masquerade,177,Illustration Rare,holofoil,2026-07-20,6.23
Heliolisk,Twilight Masquerade,177,Illustration Rare,holofoil,2026-07-30,5.14
Heliolisk,Twilight Masquerade,177,Illustration Rare,holofoil,2026-08-28,6.17
Helioptile,Mega Evolution,143,Illustration Rare,holofoil,2026-07-20,3.55
Helioptile,Mega Evolution,143,Illustration Rare,holofoil,2026-07-30,3.88
Helioptile,Mega Evolution,143,Illustration Rare,holofoil,2026-08-28,3.03
Heracross,Paldea Evolved,194,Illustration Rare,holofoil,2026-07-20,33.54
Heracross,Paldea Evolved,194,Illustration Rare,holofoil,2026-07-30,33.92
Heracross,Paldea Evolved,194,Illustration Rare,holofoil,2026-08-28,34.5
Herdier,White Flare,155,Illustration Rare,holofoil,2026-07-20,18.7
Herdier,White Flare,155,Illustration Rare,holofoil,2026-07-30,18.92
Herdier,White Flare,155,Illustration Rare,holofoil,2026-08-28,17.81
Hisuian Growlithe,Twilight Masquerade,181,Illustration Rare,holofoil,2026-07-20,30.49
Hisuian Growlithe,Twilight Masquerade,181,Illustration Rare,holofoil,2026-07-30,29.25
Hisuian Growlithe,Twilight Masquerade,181,Illustration Rare,holofoil,2026-08-28,31.19
Hop's Wooloo,Journey Together,170,Illustration Rare,holofoil,2026-07-20,5.06
Hop's Wooloo,Journey Together,170,Illustration Rare,holofoil,2026-07-30,4.77
Hop's Wooloo,Journey Together,170,Illustration Rare,holofoil,2026-08-28,4.57
Horsea,Shrouded Fable,67,Illustration Rare,holofoil,2026-07-20,49.46
Horsea,Shrouded Fable,67,Illustration Rare,holofoil,2026-07-30,47.17
Horsea,Shrouded Fable,67,Illustration Rare,holofoil,2026-08-28,49.08
Houndoom,Shrouded Fable,66,Illustration Rare,holofoil,2026-07-20,55.56
Houndoom,Shrouded Fable,66,Illustration Rare,holofoil,2026-07-30,57.28
Houndoom,Shrouded Fable,66,Illustration Rare,holofoil,2026-08-28,58.33
Houndour,Obsidian Flames,204,Illustration Rare,holofoil,2026-07-20,9.97
Houndour,Obsidian Flames,204,Illustration Rare,holofoil,2026-07-30,9.7
Houndour,Obsidian Flames,204,Illustration Rare,holofoil,2026-08-28,10.77
Houndstone,Mega Evolution,145,Illustration Rare,holofoil,2026-07-20,2.7
Houndstone,Mega Evolution,145,Illustration Rare,holofoil,2026-07-30,2.53
Houndstone,Mega Evolution,145,Illustration Rare,holofoil,2026-08-28,2.98
Hydrapple,Destined Rivals,188,Illustration Rare,holofoil,2026-07-20,4.81
Hydrapple,Destined Rivals,188,Illustration Rare,holofoil,2026-07-30,3.84
Hydrapple,Destined Rivals,188,Illustration Rare,holofoil,2026-08-28,4.11
Infernape,Twilight Masquerade,173,Illustration Rare,holofoil,2026-07-20,15.2
Infernape,Twilight Masquerade,173,Illustration Rare,holofoil,2026-07-30,14.91
Infernape,Twilight Masquerade,173,Illustration Rare,holofoil,2026-08-28,14.4
Inteleon,Mega Evolution,142,Illustration Rare,holofoil,2026-07-20,2.47
Inteleon,Mega Evolution,142,Illustration Rare,holofoil,2026-07-30,2.72
Inteleon,Mega Evolution,142,Illustration Rare,holofoil,2026-08-28,2.64
Iono's Kilowattrel,Journey Together,163,Illustration Rare,holofoil,2026-07-20,5.76
Iono's Kilowattrel,Journey Together,163,Illustration Rare,holofoil,2026-07-30,5.31
Iono's Kilowattrel,Journey Together,163,Illustration Rare,holofoil,2026-08-28,4.79
Iron Jugulis,Paradox Rift,216,Illustration Rare,holofoil,2026-07-20,11.62
Iron Jugulis,Paradox Rift,216,Illustration Rare,holofoil,2026-07-30,11.54
Iron Jugulis,Paradox Rift,216,Illustration Rare,holofoil,2026-08-28,11.26
Iron Moth,Paradox Rift,187,Illustration Rare,holofoil,2026-07-20,8.9
Iron Moth,Paradox Rift,187,Illustration Rare,holofoil,2026-07-30,8.99
Iron Moth,Paradox Rift,187,Illustration Rare,holofoil,2026-08-28,8.46
Ivysaur,151,167,Illustration Rare,holofoil,2026-07-20,46.25
Ivysaur,Mega Evolution,134,Illustration Rare,holofoil,2026-07-20,21.66
Ivysaur,151,167,Illustration Rare,holofoil,2026-07-30,44.07
Ivysaur,Mega Evolution,134,Illustration Rare,holofoil,2026-07-30,20.26
Ivysaur,151,167,Illustration Rare,holofoil,2026-08-28,45.15
Ivysaur,Mega Evolution,134,Illustration Rare,holofoil,2026-08-28,20.11
Joltik,Paradox Rift,196,Illustration Rare,holofoil,2026-07-20,29.21
Joltik,Stellar Crown,150,Illustration Rare,holofoil,2026-07-20,9.07
Joltik,White Flare,116,Illustration Rare,holofoil,2026-07-20,34.29
Joltik,Paradox Rift,196,Illustration Rare,holofoil,2026-07-30,28.49
Joltik,Stellar Crown,150,Illustration Rare,holofoil,2026-07-30,8.91
Joltik,White Flare,116,Illustration Rare,holofoil,2026-07-30,33.59
Joltik,Paradox Rift,196,Illustration Rare,holofoil,2026-08-28,27.33
Joltik,Stellar Crown,150,Illustration Rare,holofoil,2026-08-28,7.67
Joltik,White Flare,116,Illustration Rare,holofoil,2026-08-28,31.67
Kangaskhan,Destined Rivals,204,Illustration Rare,holofoil,2026-07-20,12.31
Kangaskhan,Destined Rivals,204,Illustration Rare,holofoil,2026-07-30,11.51
Kangaskhan,Destined Rivals,204,Illustration Rare,holofoil,2026-08-28,11.04
Karrablast,Black Bolt,94,Illustration Rare,holofoil,2026-07-20,19.57
Karrablast,Black Bolt,94,Illustration Rare,holofoil,2026-07-30,19.09
Karrablast,Black Bolt,94,Illustration Rare,holofoil,2026-08-28,17.16
Kecleon,Surging Sparks,213,Illustration Rare,holofoil,2026-07-20,8.52
Kecleon,Surging Sparks,213,Illustration Rare,holofoil,2026-07-30,8.28
Kecleon,Surging Sparks,213,Illustration Rare,holofoil,2026-08-28,8.58
Kingambit,Scarlet & Violet,220,Illustration Rare,holofoil,2026-07-20,10.57
Kingambit,Scarlet & Violet,220,Illustration Rare,holofoil,2026-07-30,11.25
Kingambit,Scarlet & Violet,220,Illustration Rare,holofoil,2026-08-28,9.82
Kirlia,Scarlet & Violet,212,Illustration Rare,holofoil,2026-07-20,47.43
Kirlia,Scarlet & Violet,212,Illustration Rare,holofoil,2026-07-30,47.29
Kirlia,Scarlet & Violet,212,Illustration Rare,holofoil,2026-08-28,43.16
Klang,Black Bolt,140,Illustration Rare,holofoil,2026-07-20,7.15
Klang,Black Bolt,140,Illustration Rare,holofoil,2026-07-30,6.33
Klang,Black Bolt,140,Illustration Rare,holofoil,2026-08-28,6.4
Klawf,Scarlet & Violet,217,Illustration Rare,holofoil,2026-07-20,5.71
Klawf,Scarlet & Violet,217,Illustration Rare,holofoil,2026-07-30,5.4
Klawf,Scarlet & Violet,217,Illustration Rare,holofoil,2026-08-28,5.56
Klink,Black Bolt,139,Illustration Rare,holofoil,2026-07-20,9.26
Klink,Black Bolt,139,Illustration Rare,holofoil,2026-07-30,9.33
Klink,Black Bolt,139,Illustration Rare,holofoil,2026-08-28,7.84
Klinklang,Black Bolt,141,Illustration Rare,holofoil,2026-07-20,33.07
Klinklang,Black Bolt,141,Illustration Rare,holofoil,2026-07-30,31.44
Klinklang,Black Bolt,141,Illustration Rare,holofoil,2026-08-28,33.65
Krokorok,Black Bolt,136,Illustration Rare,holofoil,2026-07-20,14.52
Krokorok,Black Bolt,136,Illustration Rare,holofoil,2026-07-30,14.66
Krokorok,Black Bolt,136,Illustration Rare,holofoil,2026-08-28,13.52
Krookodile,Black Bolt,137,Illustration Rare,holofoil,2026-07-20,60.22
Krookodile,Black Bolt,137,Illustration Rare,holofoil,2026-07-30,59.07
Krookodile,Black Bolt,137,Illustration Rare,holofoil,2026-08-28,53.88
Lairon,Twilight Masquerade,184,Illustration Rare,holofoil,2026-07-20,6.27
Lairon,Twilight Masquerade,184,Illustration Rare,holofoil,2026-07-30,5.5
Lairon,Twilight Masquerade,184,Illustration Rare,holofoil,2026-08-28,5.52
Lampent,White Flare,102,Illustration Rare,holofoil,2026-07-20,17.91
Lampent,White Flare,102,Illustration Rare,holofoil,2026-07-30,17.78
Lampent,White Flare,102,Illustration Rare,holofoil,2026-08-28,18.1
Landorus,Black Bolt,131,Illustration Rare,holofoil,2026-07-20,32.29
Landorus,Black Bolt,131,Illustration Rare,holofoil,2026-07-30,32.89
Landorus,Black Bolt,131,Illustration Rare,holofoil,2026-08-28,30.82
Larvesta,Surging Sparks,196,Illustration Rare,holofoil,2026-07-20,2.98
Larvesta,Black Bolt,99,Illustration Rare,holofoil,2026-07-20,16.26
Larvesta,Surging Sparks,196,Illustration Rare,holofoil,2026-07-30,3.24
Larvesta,Black Bolt,99,Illustration Rare,holofoil,2026-07-30,15.98
Larvesta,Surging Sparks,196,Illustration Rare,holofoil,2026-08-28,2.73
Larvesta,Black Bolt,99,Illustration Rare,holofoil,2026-08-28,14.74
Larvitar,Obsidian Flames,203,Illustration Rare,holofoil,2026-07-20,6.76
Larvitar,Obsidian Flames,203,Illustration Rare,holofoil,2026-07-30,6.86
Larvitar,Obsidian Flames,203,Illustration Rare,holofoil,2026-08-28,6.6
Latios,Surging Sparks,203,Illustration Rare,holofoil,2026-07-20,29.46
Latios,Surging Sparks,203,Illustration Rare,holofoil,2026-07-30,33.56
Latios,Surging Sparks,203,Illustration Rare,holofoil,2026-08-28,35.93
Leavanny,White Flare,89,Illustration Rare,holofoil,2026-07-20,43.37
Leavanny,White Flare,89,Illustration Rare,holofoil,2026-07-30,43.35
Leavanny,White Flare,89,Illustration Rare,holofoil,2026-08-28,40.38
Lechonk,Obsidian Flames,209,Illustration Rare,holofoil,2026-07-20,14.25
Lechonk,Obsidian Flames,209,Illustration Rare,holofoil,2026-07-30,13.11
Lechonk,Obsidian Flames,209,Illustration Rare,holofoil,2026-08-28,13.05
Ledian,Stellar Crown,144,Illustration Rare,holofoil,2026-07-20,6.89
Ledian,Stellar Crown,144,Illustration Rare,holofoil,2026-07-30,6.14
Ledian,Stellar Crown,144,Illustration Rare,holofoil,2026-08-28,6.22
Lickitung,Temporal Forces,180,Illustration Rare,holofoil,2026-07-20,30.66
Lickitung,Temporal Forces,180,Illustration Rare,holofoil,2026-07-30,29.64
Lickitung,Temporal Forces,180,Illustration Rare,holofoil,2026-08-28,30.56
Liepard,White Flare,137,Illustration Rare,holofoil,2026-07-20,47.96
Liepard,White Flare,137,Illustration Rare,holofoil,2026-07-30,49.81
Liepard,White Flare,137,Illustration Rare,holofoil,2026-08-28,47.14
Lileep,Stellar Crown,145,Illustration Rare,holofoil,2026-07-20,8.81
Lileep,Stellar Crown,145,Illustration Rare,holofoil,2026-07-30,8.7
Lileep,Stellar Crown,145,Illustration Rare,holofoil,2026-08-28,9.69
Lillie's Ribombee,Journey Together,164,Illustration Rare,holofoil,2026-07-20,5.64
Lillie's Ribombee,Journey Together,164,Illustration Rare,holofoil,2026-07-30,5.96
Lillie's Ribombee,Journey Together,164,Illustration Rare,holofoil,2026-08-28,5.55
Lilligant,Black Bolt,92,Illustration Rare,holofoil,2026-07-20,60.67
Lilligant,Black Bolt,92,Illustration Rare,holofoil,2026-07-30,58.2
Lilligant,Black Bolt,92,Illustration Rare,holofoil,2026-08-28,56.17
Lillipup,White Flare,154,Illustration Rare,holofoil,2026-07-20,36.48
Lillipup,White Flare,154,Illustration Rare,holofoil,2026-07-30,38.48
Lillipup,White Flare,154,Illustration Rare,holofoil,2026-08-28,36.26
Litleo,Mega Evolution,139,Illustration Rare,holofoil,2026-07-20,3.9
Litleo,Mega Evolution,139,Illustration Rare,holofoil,2026-07-30,4.98
Litleo,Mega Evolution,139,Illustration Rare,holofoil,2026-08-28,4.62
Litten,Temporal Forces,167,Illustration Rare,holofoil,2026-07-20,41.75
Litten,Temporal Forces,167,Illustration Rare,holofoil,2026-07-30,41.19
Litten,Temporal Forces,167,Illustration Rare,holofoil,2026-08-28,39.71
Litwick,White Flare,101,Illustration Rare,holofoil,2026-07-20,30.91
Litwick,White Flare,101,Illustration Rare,holofoil,2026-07-30,32.64
Litwick,White Flare,101,Illustration Rare,holofoil,2026-08-28,31.85
Loudred,Paradox Rift,212,Illustration Rare,holofoil,2026-07-20,16.77
Loudred,Paradox Rift,212,Illustration Rare,holofoil,2026-07-30,16.71
Loudred,Paradox Rift,212,Illustration Rare,holofoil,2026-08-28,16.94
Ludicolo,Phantasmal Flames,95,Illustration Rare,holofoil,2026-07-20,2.33
Ludicolo,Phantasmal Flames,95,Illustration Rare,holofoil,2026-07-30,2.44
Ludicolo,Phantasmal Flames,95,Illustration Rare,holofoil,2026-08-28,2.42
Lycanroc,Journey Together,166,Illustration Rare,holofoil,2026-07-20,2.98
Lycanroc,Journey Together,166,Illustration Rare,holofoil,2026-07-30,2.99
Lycanroc,Journey Together,166,Illustration Rare,holofoil,2026-08-28,3.28
Mabosstiff,Scarlet & Violet,218,Illustration Rare,holofoil,2026-07-20,8.39
Mabosstiff,Scarlet & Violet,218,Illustration Rare,holofoil,2026-07-30,7.98
Mabosstiff,Scarlet & Violet,218,Illustration Rare,holofoil,2026-08-28,8.64
Machoke,151,177,Illustration Rare,holofoil,2026-07-20,23.2
Machoke,151,177,Illustration Rare,holofoil,2026-07-30,22.62
Machoke,151,177,Illustration Rare,holofoil,2026-08-28,23.11
Magby,Paradox Rift,186,Illustration Rare,holofoil,2026-07-20,23.5
Magby,Paradox Rift,186,Illustration Rare,holofoil,2026-07-30,23.92
Magby,Paradox Rift,186,Illustration Rare,holofoil,2026-08-28,23.4
Magikarp,Paldea Evolved,203,Illustration Rare,holofoil,2026-07-20,425.03
Magikarp,Paldea Evolved,203,Illustration Rare,holofoil,2026-07-30,401.83
Magikarp,Paldea Evolved,203,Illustration Rare,holofoil,2026-08-28,382.18
Mandibuzz,White Flare,145,Illustration Rare,holofoil,2026-07-20,10.05
Mandibuzz,White Flare,145,Illustration Rare,holofoil,2026-07-30,10.65
Mandibuzz,White Flare,145,Illustration Rare,holofoil,2026-08-28,10.19
Mantyke,Paradox Rift,189,Illustration Rare,holofoil,2026-07-20,40.55
Mantyke,Paradox Rift,189,Illustration Rare,holofoil,2026-07-30,38.79
Mantyke,Paradox Rift,189,Illustration Rare,holofoil,2026-08-28,34.21
Maractus,Journey Together,160,Illustration Rare,holofoil,2026-07-20,2.24
Maractus,Black Bolt,93,Illustration Rare,holofoil,2026-07-20,8.22
Maractus,Journey Together,160,Illustration Rare,holofoil,2026-07-30,2.25
Maractus,Black Bolt,93,Illustration Rare,holofoil,2026-07-30,8.09
Maractus,Journey Together,160,Illustration Rare,holofoil,2026-08-28,2.35
Maractus,Black Bolt,93,Illustration Rare,holofoil,2026-08-28,7.75
Marill,Paldea Evolved,204,Illustration Rare,holofoil,2026-07-20,60.88
Marill,Paldea Evolved,204,Illustration Rare,holofoil,2026-07-30,58.72
Marill,Paldea Evolved,204,Illustration Rare,holofoil,2026-08-28,52.82
Marshadow,Mega Evolution,146,Illustration Rare,holofoil,2026-07-20,15.05
Marshadow,Mega Evolution,146,Illustration Rare,holofoil,2026-07-30,13.72
Marshadow,Mega Evolution,146,Illustration Rare,holofoil,2026-08-28,13.69
Maushold,Paldea Evolved,226,Illustration Rare,holofoil,2026-07-20,100.38
Maushold,Paldea Evolved,226,Illustration Rare,holofoil,2026-07-30,99.08
Maushold,Paldea Evolved,226,Illustration Rare,holofoil,2026-08-28,98.41
Meditite,Stellar Crown,153,Illustration Rare,holofoil,2026-07-20,7.45
Meditite,Stellar Crown,153,Illustration Rare,holofoil,2026-07-30,7.41
Meditite,Stellar Crown,153,Illustration Rare,holofoil,2026-08-28,8.63
Meltan,Temporal Forces,179,Illustration Rare,holofoil,2026-07-20,6.44
Meltan,Temporal Forces,179,Illustration Rare,holofoil,2026-07-30,6.03
Meltan,Temporal Forces,179,Illustration Rare,holofoil,2026-08-28,7.08
Meowth,Phantasmal Flames,106,Illustration Rare,holofoil,2026-07-20,21.71
Meowth,Phantasmal Flames,106,Illustration Rare,holofoil,2026-07-30,21.5
Meowth,Phantasmal Flames,106,Illustration Rare,holofoil,2026-08-28,20.94
Mesprit,Surging Sparks,204,Illustration Rare,holofoil,2026-07-20,13.56
Mesprit,Surging Sparks,204,Illustration Rare,holofoil,2026-07-30,14.51
Mesprit,Surging Sparks,204,Illustration Rare,holofoil,2026-08-28,14.07
Metagross,Temporal Forces,178,Illustration Rare,holofoil,2026-07-20,40.35
Metagross,Temporal Forces,178,Illustration Rare,holofoil,2026-07-30,36.52
Metagross,Temporal Forces,178,Illustration Rare,holofoil,2026-08-28,35.22
Mienfoo,White Flare,133,Illustration Rare,holofoil,2026-07-20,14.96
Mienfoo,White Flare,133,Illustration Rare,holofoil,2026-07-30,15.28
Mienfoo,White Flare,133,Illustration Rare,holofoil,2026-08-28,14.04
Mienshao,Paradox Rift,200,Illustration Rare,holofoil,2026-07-20,10.24
Mienshao,White Flare,134,Illustration Rare,holofoil,2026-07-20,9.47
Mienshao,Paradox Rift,200,Illustration Rare,holofoil,2026-07-30,10.36
Mienshao,White Flare,134,Illustration Rare,holofoil,2026-07-30,10.02
Mienshao,Paradox Rift,200,Illustration Rare,holofoil,2026-08-28,10.0
Mienshao,White Flare,134,Illustration Rare,holofoil,2026-08-28,9.54
Milcery,Stellar Crown,152,Illustration Rare,holofoil,2026-07-20,19.5
Milcery,Stellar Crown,152,Illustration Rare,holofoil,2026-07-30,20.18
Milcery,Stellar Crown,152,Illustration Rare,holofoil,2026-08-28,18.7
Minccino,Temporal Forces,182,Illustration Rare,holofoil,2026-07-20,27.63
Minccino,Black Bolt,152,Illustration Rare,holofoil,2026-07-20,26.16
Minccino,Temporal Forces,182,Illustration Rare,holofoil,2026-07-30,24.51
Minccino,Black Bolt,152,Illustration Rare,holofoil,2026-07-30,26.26
Minccino,Temporal Forces,182,Illustration Rare,holofoil,2026-08-28,24.63
Minccino,Black Bolt,152,Illustration Rare,holofoil,2026-08-28,25.88
Minior,Paradox Rift,201,Illustration Rare,holofoil,2026-07-20,26.75
Minior,Paradox Rift,201,Illustration Rare,holofoil,2026-07-30,26.4
Minior,Paradox Rift,201,Illustration Rare,holofoil,2026-08-28,26.78
Minun,Paradox Rift,194,Illustration Rare,holofoil,2026-07-20,43.99
Minun,Paradox Rift,194,Illustration Rare,holofoil,2026-07-30,46.94
Minun,Paradox Rift,194,Illustration Rare,holofoil,2026-08-28,46.26
Mismagius,Paldea Evolved,212,Illustration Rare,holofoil,2026-07-20,41.17
Mismagius,Paldea Evolved,212,Illustration Rare,holofoil,2026-07-30,41.75
Mismagius,Paldea Evolved,212,Illustration Rare,holofoil,2026-08-28,35.5
Misty's Lapras,Destined Rivals,194,Illustration Rare,holofoil,2026-07-20,38.7
Misty's Lapras,Destined Rivals,194,Illustration Rare,holofoil,2026-07-30,40.44
Misty's Lapras,Destined Rivals,194,Illustration Rare,holofoil,2026-08-28,30.21
Misty's Psyduck,Destined Rivals,193,Illustration Rare,holofoil,2026-07-20,68.9
Misty's Psyduck,Destined Rivals,193,Illustration Rare,holofoil,2026-07-30,69.83
Misty's Psyduck,Destined Rivals,193,Illustration Rare,holofoil,2026-08-28,67.94
Morpeko,Paradox Rift,206,Illustration Rare,holofoil,2026-07-20,51.01
Morpeko,Paradox Rift,206,Illustration Rare,holofoil,2026-07-30,50.74
Morpeko,Paradox Rift,206,Illustration Rare,holofoil,2026-08-28,57.41
Mr. Mime,151,179,Illustration Rare,holofoil,2026-07-20,14.65
Mr. Mime,151,179,Illustration Rare,holofoil,2026-07-30,14.27
Mr. Mime,151,179,Illustration Rare,holofoil,2026-08-28,13.61
Mudsdale,Temporal Forces,175,Illustration Rare,holofoil,2026-07-20,10.68
Mudsdale,Temporal Forces,175,Illustration Rare,holofoil,2026-07-30,9.79
Mudsdale,Temporal Forces,175,Illustration Rare,holofoil,2026-08-28,10.55
Munkidori,Shrouded Fable,72,Illustration Rare,holofoil,2026-07-20,42.96
Munkidori,Shrouded Fable,72,Illustration Rare,holofoil,2026-07-30,41.45
Munkidori,Shrouded Fable,72,Illustration Rare,holofoil,2026-08-28,31.26
Munna,Black Bolt,116,Illustration Rare,holofoil,2026-07-20,19.97
Munna,Black Bolt,116,Illustration Rare,holofoil,2026-07-30,21.35
Munna,Black Bolt,116,Illustration Rare,holofoil,2026-08-28,19.77
Musharna,Black Bolt,117,Illustration Rare,holofoil,2026-07-20,12.19
Musharna,Black Bolt,117,Illustration Rare,holofoil,2026-07-30,12.36
Musharna,Black Bolt,117,Illustration Rare,holofoil,2026-08-28,12.29
N's Reshiram,Journey Together,167,Illustration Rare,holofoil,2026-07-20,20.69
N's Reshiram,Journey Together,167,Illustration Rare,holofoil,2026-07-30,20.69
N's Reshiram,Journey Together,167,Illustration Rare,holofoil,2026-08-28,20.69
Nacli,Paldea Evolved,220,Illustration Rare,holofoil,2026-07-20,7.06
Nacli,Paldea Evolved,220,Illustration Rare,holofoil,2026-07-30,6.74
Nacli,Paldea Evolved,220,Illustration Rare,holofoil,2026-08-28,7.5
Nidoking,151,174,Illustration Rare,holofoil,2026-07-20,21.02
Nidoking,151,174,Illustration Rare,holofoil,2026-07-30,18.83
Nidoking,151,174,Illustration Rare,holofoil,2026-08-28,19.96
Ninetales,Obsidian Flames,199,Illustration Rare,holofoil,2026-07-20,36.83
Ninetales,Obsidian Flames,199,Illustration Rare,holofoil,2026-07-30,41.53
Ninetales,Obsidian Flames,199,Illustration Rare,holofoil,2026-08-28,42.05
Ninjask,Mega Evolution,137,Illustration Rare,holofoil,2026-07-20,4.2
Ninjask,Mega Evolution,137,Illustration Rare,holofoil,2026-07-30,4.5
Ninjask,Mega Evolution,137,Illustration Rare,holofoil,2026-08-28,4.36
Noibat,Journey Together,169,Illustration Rare,holofoil,2026-07-20,6.55
Noibat,Journey Together,169,Illustration Rare,holofoil,2026-07-30,6.06
Noibat,Journey Together,169,Illustration Rare,holofoil,2026-08-28,6.32
Nymble,Phantasmal Flames,96,Illustration Rare,holofoil,2026-07-20,1.55
Nymble,Phantasmal Flames,96,Illustration Rare,holofoil,2026-07-30,1.66
Nymble,Phantasmal Flames,96,Illustration Rare,holofoil,2026-08-28,1.55
Okidogi,Shrouded Fable,74,Illustration Rare,holofoil,2026-07-20,18.02
Okidogi,Shrouded Fable,74,Illustration Rare,holofoil,2026-07-30,17.85
Okidogi,Shrouded Fable,74,Illustration Rare,holofoil,2026-08-28,16.64
Omanyte,151,180,Illustration Rare,holofoil,2026-07-20,16.07
Omanyte,151,180,Illustration Rare,holofoil,2026-07-30,14.55
Omanyte,151,180,Illustration Rare,holofoil,2026-08-28,14.16
Orthworm,Paldea Evolved,224,Illustration Rare,holofoil,2026-07-20,6.79
Orthworm,Paldea Evolved,224,Illustration Rare,holofoil,2026-07-30,6.83
Orthworm,Paldea Evolved,224,Illustration Rare,holofoil,2026-08-28,6.49
Oshawott,White Flare,105,Illustration Rare,holofoil,2026-07-20,92.97
Oshawott,White Flare,105,Illustration Rare,holofoil,2026-07-30,93.29
Oshawott,White Flare,105,Illustration Rare,holofoil,2026-08-28,90.44
Pachirisu,Scarlet & Violet,208,Illustration Rare,holofoil,2026-07-20,21.08
Pachirisu,Scarlet & Violet,208,Illustration Rare,holofoil,2026-07-30,20.08
Pachirisu,Scarlet & Violet,208,Illustration Rare,holofoil,2026-08-28,17.1
Palafin,Obsidian Flames,200,Illustration Rare,holofoil,2026-07-20,5.29
Palafin,Paldean Fates,225,Illustration Rare,holofoil,2026-07-20,2.21
Palafin,Obsidian Flames,200,Illustration Rare,holofoil,2026-07-30,5.38
Palafin,Paldean Fates,225,Illustration Rare,holofoil,2026-07-30,1.93
Palafin,Obsidian Flames,200,Illustration Rare,holofoil,2026-08-28,5.02
Palafin,Paldean Fates,225,Illustration Rare,holofoil,2026-08-28,2.67
Paldean Tauros,Paldea Evolved,218,Illustration Rare,holofoil,2026-07-20,18.29
Paldean Tauros,Paldea Evolved,218,Illustration Rare,holofoil,2026-07-30,18.24
Paldean Tauros,Paldea Evolved,218,Illustration Rare,holofoil,2026-08-28,16.33
Paldean Wooper,Paldea Evolved,221,Illustration Rare,holofoil,2026-07-20,15.73
Paldean Wooper,Phantasmal Flames,102,Illustration Rare,holofoil,2026-07-20,4.32
Paldean Wooper,Paldea Evolved,221,Illustration Rare,holofoil,2026-07-30,14.61
Paldean Wooper,Phantasmal Flames,102,Illustration Rare,holofoil,2026-07-30,4.09
Paldean Wooper,Paldea Evolved,221,Illustration Rare,holofoil,2026-08-28,15.98
Paldean Wooper,Phantasmal Flames,102,Illustration Rare,holofoil,2026-08-28,4.27
Palpitoad,Black Bolt,104,Illustration Rare,holofoil,2026-07-20,18.62
Palpitoad,Black Bolt,104,Illustration Rare,holofoil,2026-07-30,17.68
Palpitoad,Black Bolt,104,Illustration Rare,holofoil,2026-08-28,11.97
Panpour,Black Bolt,101,Illustration Rare,holofoil,2026-07-20,16.48
Panpour,Black Bolt,101,Illustration Rare,holofoil,2026-07-30,15.88
Panpour,Black Bolt,101,Illustration Rare,holofoil,2026-08-28,14.62
Pansage,Black Bolt,89,Illustration Rare,holofoil,2026-07-20,25.55
Pansage,Black Bolt,89,Illustration Rare,holofoil,2026-07-30,25.46
Pansage,Black Bolt,89,Illustration Rare,holofoil,2026-08-28,22.63
Pansear,White Flare,99,Illustration Rare,holofoil,2026-07-20,15.54
Pansear,White Flare,99,Illustration Rare,holofoil,2026-07-30,15.12
Pansear,White Flare,99,Illustration Rare,holofoil,2026-08-28,13.22
Patrat,White Flare,152,Illustration Rare,holofoil,2026-07-20,13.03
Patrat,White Flare,152,Illustration Rare,holofoil,2026-07-30,11.47
Patrat,White Flare,152,Illustration Rare,holofoil,2026-08-28,10.73
Pawmi,Paldean Fates,226,Illustration Rare,holofoil,2026-07-20,3.44
Pawmi,Paldean Fates,226,Illustration Rare,holofoil,2026-07-30,3.23
Pawmi,Paldean Fates,226,Illustration Rare,holofoil,2026-08-28,3.1
Pawmot,Scarlet & Violet,209,Illustration Rare,holofoil,2026-07-20,10.87
Pawmot,Scarlet & Violet,209,Illustration Rare,holofoil,2026-07-30,10.75
Pawmot,Scarlet & Violet,209,Illustration Rare,holofoil,2026-08-28,11.26
Pawniard,Black Bolt,142,Illustration Rare,holofoil,2026-07-20,8.89
Pawniard,Black Bolt,142,Illustration Rare,holofoil,2026-07-30,8.97
Pawniard,Black Bolt,142,Illustration Rare,holofoil,2026-08-28,8.1
Persian,Shrouded Fable,78,Illustration Rare,holofoil,2026-07-20,74.1
Persian,Shrouded Fable,78,Illustration Rare,holofoil,2026-07-30,74.42
Persian,Shrouded Fable,78,Illustration Rare,holofoil,2026-08-28,74.8
Petilil,Black Bolt,91,Illustration Rare,holofoil,2026-07-20,30.12
Petilil,Black Bolt,91,Illustration Rare,holofoil,2026-07-30,28.33
Petilil,Black Bolt,91,Illustration Rare,holofoil,2026-08-28,24.08
Phanpy,Surging Sparks,205,Illustration Rare,holofoil,2026-07-20,9.37
Phanpy,Surging Sparks,205,Illustration Rare,holofoil,2026-07-30,9.47
Phanpy,Surging Sparks,205,Illustration Rare,holofoil,2026-08-28,9.02
Phione,Twilight Masquerade,175,Illustration Rare,holofoil,2026-07-20,13.29
Phione,Twilight Masquerade,175,Illustration Rare,holofoil,2026-07-30,12.44
Phione,Twilight Masquerade,175,Illustration Rare,holofoil,2026-08-28,13.73
Pidgeotto,Obsidian Flames,208,Illustration Rare,holofoil,2026-07-20,10.09
Pidgeotto,Obsidian Flames,208,Illustration Rare,holofoil,2026-07-30,10.98
Pidgeotto,Obsidian Flames,208,Illustration Rare,holofoil,2026-08-28,12.21
Pidgey,Obsidian Flames,207,Illustration Rare,holofoil,2026-07-20,20.2
Pidgey,Obsidian Flames,207,Illustration Rare,holofoil,2026-07-30,18.27
Pidgey,Obsidian Flames,207,Illustration Rare,holofoil,2026-08-28,15.65
Pidove,Black Bolt,148,Illustration Rare,holofoil,2026-07-20,41.91
Pidove,Black Bolt,148,Illustration Rare,holofoil,2026-07-30,38.5
Pidove,Black Bolt,148,Illustration Rare,holofoil,2026-08-28,38.71
Pignite,White Flare,97,Illustration Rare,holofoil,2026-07-20,14.34
Pignite,White Flare,97,Illustration Rare,holofoil,2026-07-30,13.67
Pignite,White Flare,97,Illustration Rare,holofoil,2026-08-28,14.23
Pikachu,151,173,Illustration Rare,holofoil,2026-07-20,97.78
Pikachu,151,173,Illustration Rare,holofoil,2026-07-30,93.33
Pikachu,151,173,Illustration Rare,holofoil,2026-08-28,87.8
Pinsir,Twilight Masquerade,168,Illustration Rare,holofoil,2026-07-20,16.21
Pinsir,Twilight Masquerade,168,Illustration Rare,holofoil,2026-07-30,16.06
Pinsir,Twilight Masquerade,168,Illustration Rare,holofoil,2026-08-28,16.43
Piplup,Phantasmal Flames,98,Illustration Rare,holofoil,2026-07-20,14.28
Piplup,Phantasmal Flames,98,Illustration Rare,holofoil,2026-07-30,15.32
Piplup,Phantasmal Flames,98,Illustration Rare,holofoil,2026-08-28,14.34
Plusle,Paradox Rift,193,Illustration Rare,holofoil,2026-07-20,50.09
Plusle,Paradox Rift,193,Illustration Rare,holofoil,2026-07-30,48.63
Plusle,Paradox Rift,193,Illustration Rare,holofoil,2026-08-28,50.14
Poliwhirl,151,176,Illustration Rare,holofoil,2026-07-20,48.28
Poliwhirl,151,176,Illustration Rare,holofoil,2026-07-30,47.98
Poliwhirl,151,176,Illustration Rare,holofoil,2026-08-28,45.05
Poltchageist,Twilight Masquerade,171,Illustration Rare,holofoil,2026-07-20,6.34
Poltchageist,Twilight Masquerade,171,Illustration Rare,holofoil,2026-07-30,5.96
Poltchageist,Twilight Masquerade,171,Illustration Rare,holofoil,2026-08-28,5.75
Porygon-Z,Paradox Rift,214,Illustration Rare,holofoil,2026-07-20,14.86
Porygon-Z,Paradox Rift,214,Illustration Rare,holofoil,2026-07-30,15.23
Porygon-Z,Paradox Rift,214,Illustration Rare,holofoil,2026-08-28,15.6
Probopass,Twilight Masquerade,182,Illustration Rare,holofoil,2026-07-20,4.59
Probopass,Twilight Masquerade,182,Illustration Rare,holofoil,2026-07-30,4.7
Probopass,Twilight Masquerade,182,Illustration Rare,holofoil,2026-08-28,4.57
Psyduck,151,175,Illustration Rare,holofoil,2026-07-20,72.72
Psyduck,151,175,Illustration Rare,holofoil,2026-07-30,74.33
Psyduck,151,175,Illustration Rare,holofoil,2026-08-28,68.31
Purrloin,White Flare,136,Illustration Rare,holofoil,2026-07-20,20.56
Purrloin,White Flare,136,Illustration Rare,holofoil,2026-07-30,20.23
Purrloin,White Flare,136,Illustration Rare,holofoil,2026-08-28,20.51
Pyroar,Paldea Evolved,200,Illustration Rare,holofoil,2026-07-20,20.71
Pyroar,Paldea Evolved,200,Illustration Rare,holofoil,2026-07-30,21.02
Pyroar,Paldea Evolved,200,Illustration Rare,holofoil,2026-08-28,18.39
Quaxly,Paldea Evolved,206,Illustration Rare,holofoil,2026-07-20,20.38
Quaxly,Paldea Evolved,206,Illustration Rare,holofoil,2026-07-30,19.95
Quaxly,Paldea Evolved,206,Illustration Rare,holofoil,2026-08-28,21.28
Quaxwell,Paldea Evolved,207,Illustration Rare,holofoil,2026-07-20,10.95
Quaxwell,Paldea Evolved,207,Illustration Rare,holofoil,2026-07-30,10.39
Quaxwell,Paldea Evolved,207,Illustration Rare,holofoil,2026-08-28,11.0
Raboot,Stellar Crown,147,Illustration Rare,holofoil,2026-07-20,8.62
Raboot,Stellar Crown,147,Illustration Rare,holofoil,2026-07-30,7.86
Raboot,Stellar Crown,147,Illustration Rare,holofoil,2026-08-28,8.43
Rabsca,Paldea Evolved,215,Illustration Rare,holofoil,2026-07-20,6.25
Rabsca,Paldea Evolved,215,Illustration Rare,holofoil,2026-07-30,5.83
Rabsca,Paldea Evolved,215,Illustration Rare,holofoil,2026-08-28,6.55
Raichu,Paldea Evolved,211,Illustration Rare,holofoil,2026-07-20,115.79
Raichu,Paldea Evolved,211,Illustration Rare,holofoil,2026-07-30,106.83
Raichu,Paldea Evolved,211,Illustration Rare,holofoil,2026-08-28,99.84
Ralts,Scarlet & Violet,211,Illustration Rare,holofoil,2026-07-20,46.77
Ralts,Scarlet & Violet,211,Illustration Rare,holofoil,2026-07-30,46.78
Ralts,Scarlet & Violet,211,Illustration Rare,holofoil,2026-08-28,43.42
Rapidash,Destined Rivals,189,Illustration Rare,holofoil,2026-07-20,9.07
Rapidash,Destined Rivals,189,Illustration Rare,holofoil,2026-07-30,9.4
Rapidash,Destined Rivals,189,Illustration Rare,holofoil,2026-08-28,9.32
Relicanth,Temporal Forces,173,Illustration Rare,holofoil,2026-07-20,12.89
Relicanth,Temporal Forces,173,Illustration Rare,holofoil,2026-07-30,11.71
Relicanth,Temporal Forces,173,Illustration Rare,holofoil,2026-08-28,11.71
Reuniclus,Temporal Forces,171,Illustration Rare,holofoil,2026-07-20,16.34
Reuniclus,Temporal Forces,171,Illustration Rare,holofoil,2026-07-30,15.13
Reuniclus,Temporal Forces,171,Illustration Rare,holofoil,2026-08-28,16.06
Riolu,Scarlet & Violet,215,Illustration Rare,holofoil,2026-07-20,38.54
Riolu,Scarlet & Violet,215,Illustration Rare,holofoil,2026-07-30,35.04
Riolu,Scarlet & Violet,215,Illustration Rare,holofoil,2026-08-28,33.04
Roggenrola,White Flare,127,Illustration Rare,holofoil,2026-07-20,13.63
Roggenrola,White Flare,127,Illustration Rare,holofoil,2026-07-30,13.06
Roggenrola,White Flare,127,Illustration Rare,holofoil,2026-08-28,10.41
Rookidee,Paldea Evolved,225,Illustration Rare,holofoil,2026-07-20,11.88
Rookidee,Paldea Evolved,225,Illustration Rare,holofoil,2026-07-30,11.5
Rookidee,Paldea Evolved,225,Illustration Rare,holofoil,2026-08-28,11.17
Rotom,Destined Rivals,197,Illustration Rare,holofoil,2026-07-20,4.07
Rotom,Destined Rivals,197,Illustration Rare,holofoil,2026-07-30,3.62
Rotom,Destined Rivals,197,Illustration Rare,holofoil,2026-08-28,3.98
Rufflet,Black Bolt,154,Illustration Rare,holofoil,2026-07-20,9.05
Rufflet,Black Bolt,154,Illustration Rare,holofoil,2026-07-30,8.74
Rufflet,Black Bolt,154,Illustration Rare,holofoil,2026-08-28,7.95
Samurott,White Flare,107,Illustration Rare,holofoil,2026-07-20,52.07
Samurott,White Flare,107,Illustration Rare,holofoil,2026-07-30,52.59
Samurott,White Flare,107,Illustration Rare,holofoil,2026-08-28,53.35
Sandile,Scarlet & Violet,216,Illustration Rare,holofoil,2026-07-20,6.73
Sandile,Black Bolt,135,Illustration Rare,holofoil,2026-07-20,18.39
Sandile,Scarlet & Violet,216,Illustration Rare,holofoil,2026-07-30,6.42
Sandile,Black Bolt,135,Illustration Rare,holofoil,2026-07-30,17.84
Sandile,Scarlet & Violet,216,Illustration Rare,holofoil,2026-08-28,6.03
Sandile,Black Bolt,135,Illustration Rare,holofoil,2026-08-28,15.18
Sandygast,Paldea Evolved,214,Illustration Rare,holofoil,2026-07-20,10.97
Sandygast,Paldea Evolved,214,Illustration Rare,holofoil,2026-07-30,12.41
Sandygast,Paldea Evolved,214,Illustration Rare,holofoil,2026-08-28,11.83
Sawk,White Flare,130,Illustration Rare,holofoil,2026-07-20,16.78
Sawk,White Flare,130,Illustration Rare,holofoil,2026-07-30,14.69
Sawk,White Flare,130,Illustration Rare,holofoil,2026-08-28,12.88
Sawsbuck,Temporal Forces,166,Illustration Rare,holofoil,2026-07-20,60.12
Sawsbuck,White Flare,92,Illustration Rare,holofoil,2026-07-20,41.92
Sawsbuck,Temporal Forces,166,Illustration Rare,holofoil,2026-07-30,59.87
Sawsbuck,White Flare,92,Illustration Rare,holofoil,2026-07-30,41.7
Sawsbuck,Temporal Forces,166,Illustration Rare,holofoil,2026-08-28,59.85
Sawsbuck,White Flare,92,Illustration Rare,holofoil,2026-08-28,40.43
Scizor,Obsidian Flames,205,Illustration Rare,holofoil,2026-07-20,17.68
Scizor,Obsidian Flames,205,Illustration Rare,holofoil,2026-07-30,16.78
Scizor,Obsidian Flames,205,Illustration Rare,holofoil,2026-08-28,15.85
Scolipede,Black Bolt,134,Illustration Rare,holofoil,2026-07-20,30.32
Scolipede,Black Bolt,134,Illustration Rare,holofoil,2026-07-30,29.96
Scolipede,Black Bolt,134,Illustration Rare,holofoil,2026-08-28,28.7
Scovillain,Scarlet & Violet,202,Illustration Rare,holofoil,2026-07-20,6.13
Scovillain,Scarlet & Violet,202,Illustration Rare,holofoil,2026-07-30,5.99
Scovillain,Scarlet & Violet,202,Illustration Rare,holofoil,2026-08-28,6.61
Scrafty,White Flare,139,Illustration Rare,holofoil,2026-07-20,26.83
Scrafty,White Flare,139,Illustration Rare,holofoil,2026-07-30,25.55
Scrafty,White Flare,139,Illustration Rare,holofoil,2026-08-28,25.57
Scraggy,White Flare,138,Illustration Rare,holofoil,2026-07-20,23.15
Scraggy,White Flare,138,Illustration Rare,holofoil,2026-07-30,23.23
Scraggy,White Flare,138,Illustration Rare,holofoil,2026-08-28,18.4
Seismitoad,Black Bolt,105,Illustration Rare,holofoil,2026-07-20,255.53
Seismitoad,Black Bolt,105,Illustration Rare,holofoil,2026-07-30,251.7
Seismitoad,Black Bolt,105,Illustration Rare,holofoil,2026-08-28,228.53
Servine,Black Bolt,88,Illustration Rare,holofoil,2026-07-20,19.34
Servine,Black Bolt,88,Illustration Rare,holofoil,2026-07-30,19.6
Servine,Black Bolt,88,Illustration Rare,holofoil,2026-08-28,19.11
Sewaddle,White Flare,87,Illustration Rare,holofoil,2026-07-20,19.73
Sewaddle,White Flare,87,Illustration Rare,holofoil,2026-07-30,19.68
Sewaddle,White Flare,87,Illustration Rare,holofoil,2026-08-28,18.9
Shaymin,Destined Rivals,185,Illustration Rare,holofoil,2026-07-20,12.36
Shaymin,Destined Rivals,185,Illustration Rare,holofoil,2026-07-30,12.12
Shaymin,Destined Rivals,185,Illustration Rare,holofoil,2026-08-28,12.01
Shedinja,Mega Evolution,144,Illustration Rare,holofoil,2026-07-20,3.02
Shedinja,Mega Evolution,144,Illustration Rare,holofoil,2026-07-30,2.99
Shedinja,Mega Evolution,144,Illustration Rare,holofoil,2026-08-28,3.22
Shelmet,White Flare,93,Illustration Rare,holofoil,2026-07-20,9.07
Shelmet,White Flare,93,Illustration Rare,holofoil,2026-07-30,8.49
Shelmet,White Flare,93,Illustration Rare,holofoil,2026-08-28,8.13
Shiftry,Temporal Forces,163,Illustration Rare,holofoil,2026-07-20,12.73
Shiftry,Temporal Forces,163,Illustration Rare,holofoil,2026-07-30,12.86
Shiftry,Temporal Forces,163,Illustration Rare,holofoil,2026-08-28,12.72
Shiinotic,Surging Sparks,194,Illustration Rare,holofoil,2026-07-20,3.79
Shiinotic,Surging Sparks,194,Illustration Rare,holofoil,2026-07-30,3.87
Shiinotic,Surging Sparks,194,Illustration Rare,holofoil,2026-08-28,4.08
Shroodle,Mega Evolution,149,Illustration Rare,holofoil,2026-07-20,2.12
Shroodle,Mega Evolution,149,Illustration Rare,holofoil,2026-07-30,2.48
Shroodle,Mega Evolution,149,Illustration Rare,holofoil,2026-08-28,2.24
Shuckle,Mega Evolution,136,Illustration Rare,holofoil,2026-07-20,6.4
Shuckle,Mega Evolution,136,Illustration Rare,holofoil,2026-07-30,6.95
Shuckle,Mega Evolution,136,Illustration Rare,holofoil,2026-08-28,7.86
Sigilyph,White Flare,121,Illustration Rare,holofoil,2026-07-20,12.53
Sigilyph,White Flare,121,Illustration Rare,holofoil,2026-07-30,11.99
Sigilyph,White Flare,121,Illustration Rare,holofoil,2026-08-28,12.42
Simipour,Black Bolt,102,Illustration Rare,holofoil,2026-07-20,14.21
Simipour,Black Bolt,102,Illustration Rare,holofoil,2026-07-30,14.84
Simipour,Black Bolt,102,Illustration Rare,holofoil,2026-08-28,14.39
Simisage,Black Bolt,90,Illustration Rare,holofoil,2026-07-20,12.6
Simisage,Black Bolt,90,Illustration Rare,holofoil,2026-07-30,11.64
Simisage,Black Bolt,90,Illustration Rare,holofoil,2026-08-28,11.17
Simisear,White Flare,100,Illustration Rare,holofoil,2026-07-20,18.57
Simisear,White Flare,100,Illustration Rare,holofoil,2026-07-30,17.03
Simisear,White Flare,100,Illustration Rare,holofoil,2026-08-28,16.31
Skarmory,Surging Sparks,209,Illustration Rare,holofoil,2026-07-20,10.77
Skarmory,Surging Sparks,209,Illustration Rare,holofoil,2026-07-30,9.7
Skarmory,Surging Sparks,209,Illustration Rare,holofoil,2026-08-28,9.73
Skwovet,Scarlet & Violet,222,Illustration Rare,holofoil,2026-07-20,9.16
Skwovet,Scarlet & Violet,222,Illustration Rare,holofoil,2026-07-30,8.99
Skwovet,Scarlet & Violet,222,Illustration Rare,holofoil,2026-08-28,8.69
Slakoth,Surging Sparks,212,Illustration Rare,holofoil,2026-07-20,13.9
Slakoth,Surging Sparks,212,Illustration Rare,holofoil,2026-07-30,12.06
Slakoth,Surging Sparks,212,Illustration Rare,holofoil,2026-08-28,13.24
Slither Wing,Paradox Rift,203,Illustration Rare,holofoil,2026-07-20,6.39
Slither Wing,Paradox Rift,203,Illustration Rare,holofoil,2026-07-30,6.62
Slither Wing,Paradox Rift,203,Illustration Rare,holofoil,2026-08-28,6.37
Slowpoke,Scarlet & Violet,204,Illustration Rare,holofoil,2026-07-20,41.58
Slowpoke,Scarlet & Violet,204,Illustration Rare,holofoil,2026-07-30,42.33
Slowpoke,Scarlet & Violet,204,Illustration Rare,holofoil,2026-08-28,39.08
Snivy,Black Bolt,87,Illustration Rare,holofoil,2026-07-20,33.89
Snivy,Black Bolt,87,Illustration Rare,holofoil,2026-07-30,34.89
Snivy,Black Bolt,87,Illustration Rare,holofoil,2026-08-28,31.24
Snom,Temporal Forces,168,Illustration Rare,holofoil,2026-07-20,18.64
Snom,Temporal Forces,168,Illustration Rare,holofoil,2026-07-30,18.38
Snom,Temporal Forces,168,Illustration Rare,holofoil,2026-08-28,16.85
Snorunt,Paradox Rift,188,Illustration Rare,holofoil,2026-07-20,10.55
Snorunt,Paradox Rift,188,Illustration Rare,holofoil,2026-07-30,10.58
Snorunt,Paradox Rift,188,Illustration Rare,holofoil,2026-08-28,11.09
Snover,Mega Evolution,140,Illustration Rare,holofoil,2026-07-20,2.37
Snover,Mega Evolution,140,Illustration Rare,holofoil,2026-07-30,2.7
Snover,Mega Evolution,140,Illustration Rare,holofoil,2026-08-28,2.14
Solosis,Black Bolt,118,Illustration Rare,holofoil,2026-07-20,34.28
Solosis,Black Bolt,118,Illustration Rare,holofoil,2026-07-30,32.73
Solosis,Black Bolt,118,Illustration Rare,holofoil,2026-08-28,30.86
Spearow,Mega Evolution,151,Illustration Rare,holofoil,2026-07-20,3.96
Spearow,Mega Evolution,151,Illustration Rare,holofoil,2026-07-30,4.33
Spearow,Mega Evolution,151,Illustration Rare,holofoil,2026-08-28,4.63
Spheal,Surging Sparks,199,Illustration Rare,holofoil,2026-07-20,9.51
Spheal,Surging Sparks,199,Illustration Rare,holofoil,2026-07-30,10.75
Spheal,Surging Sparks,199,Illustration Rare,holofoil,2026-08-28,9.94
Spiritomb,Mega Evolution,148,Illustration Rare,holofoil,2026-07-20,2.57
Spiritomb,Mega Evolution,148,Illustration Rare,holofoil,2026-07-30,2.36
Spiritomb,Mega Evolution,148,Illustration Rare,holofoil,2026-08-28,3.08
Sprigatito,Paldea Evolved,196,Illustration Rare,holofoil,2026-07-20,65.63
Sprigatito,Paldea Evolved,196,Illustration Rare,holofoil,2026-07-30,65.89
Sprigatito,Paldea Evolved,196,Illustration Rare,holofoil,2026-08-28,60.59
Squirtle,151,170,Illustration Rare,holofoil,2026-07-20,91.35
Squirtle,Stellar Crown,148,Illustration Rare,holofoil,2026-07-20,118.72
Squirtle,151,170,Illustration Rare,holofoil,2026-07-30,95.32
Squirtle,Stellar Crown,148,Illustration Rare,holofoil,2026-07-30,118.37
Squirtle,151,170,Illustration Rare,holofoil,2026-08-28,94.55
Squirtle,Stellar Crown,148,Illustration Rare,holofoil,2026-08-28,112.88
Starly,Scarlet & Violet,221,Illustration Rare,holofoil,2026-07-20,14.01
Starly,Scarlet & Violet,221,Illustration Rare,holofoil,2026-07-30,14.56
Starly,Scarlet & Violet,221,Illustration Rare,holofoil,2026-08-28,16.2
Steelix,Paradox Rift,208,Illustration Rare,holofoil,2026-07-20,41.72
Steelix,Mega Evolution,150,Illustration Rare,holofoil,2026-07-20,8.53
Steelix,Paradox Rift,208,Illustration Rare,holofoil,2026-07-30,41.26
Steelix,Mega Evolution,150,Illustration Rare,holofoil,2026-07-30,7.91
Steelix,Paradox Rift,208,Illustration Rare,holofoil,2026-08-28,41.32
Steelix,Mega Evolution,150,Illustration Rare,holofoil,2026-08-28,7.69
Stoutland,White Flare,156,Illustration Rare,holofoil,2026-07-20,29.14
Stoutland,White Flare,156,Illustration Rare,holofoil,2026-07-30,26.66
Stoutland,White Flare,156,Illustration Rare,holofoil,2026-08-28,24.41
Stufful,Mega Evolution,154,Illustration Rare,holofoil,2026-07-20,6.89
Stufful,Mega Evolution,154,Illustration Rare,holofoil,2026-07-30,7.66
Stufful,Mega Evolution,154,Illustration Rare,holofoil,2026-08-28,7.42
Stunfisk,Surging Sparks,202,Illustration Rare,holofoil,2026-07-20,2.38
Stunfisk,White Flare,118,Illustration Rare,holofoil,2026-07-20,6.9
Stunfisk,Surging Sparks,202,Illustration Rare,holofoil,2026-07-30,2.05
Stunfisk,White Flare,118,Illustration Rare,holofoil,2026-07-30,6.71
Stunfisk,Surging Sparks,202,Illustration Rare,holofoil,2026-08-28,2.06
Stunfisk,White Flare,118,Illustration Rare,holofoil,2026-08-28,5.92
Sudowoodo,Paldea Evolved,219,Illustration Rare,holofoil,2026-07-20,29.75
Sudowoodo,Paldea Evolved,219,Illustration Rare,holofoil,2026-07-30,29.95
Sudowoodo,Paldea Evolved,219,Illustration Rare,holofoil,2026-08-28,32.49
Sunflora,Twilight Masquerade,169,Illustration Rare,holofoil,2026-07-20,8.48
Sunflora,Twilight Masquerade,169,Illustration Rare,holofoil,2026-07-30,8.61
Sunflora,Twilight Masquerade,169,Illustration Rare,holofoil,2026-08-28,7.95
Swablu,Paradox Rift,213,Illustration Rare,holofoil,2026-07-20,27.29
Swablu,Paradox Rift,213,Illustration Rare,holofoil,2026-07-30,28.64
Swablu,Paradox Rift,213,Illustration Rare,holofoil,2026-08-28,23.92
Swadloon,White Flare,88,Illustration Rare,holofoil,2026-07-20,12.46
Swadloon,White Flare,88,Illustration Rare,holofoil,2026-07-30,12.3
Swadloon,White Flare,88,Illustration Rare,holofoil,2026-08-28,11.27
Swanna,White Flare,110,Illustration Rare,holofoil,2026-07-20,16.18
Swanna,White Flare,110,Illustration Rare,holofoil,2026-07-30,15.44
Swanna,White Flare,110,Illustration Rare,holofoil,2026-08-28,15.05
Swinub,Journey Together,165,Illustration Rare,holofoil,2026-07-20,3.4
Swinub,Journey Together,165,Illustration Rare,holofoil,2026-07-30,3.54
Swinub,Journey Together,165,Illustration Rare,holofoil,2026-08-28,3.45
Swoobat,White Flare,120,Illustration Rare,holofoil,2026-07-20,14.53
Swoobat,White Flare,120,Illustration Rare,holofoil,2026-07-30,15.15
Swoobat,White Flare,120,Illustration Rare,holofoil,2026-08-28,15.38
Tangela,151,178,Illustration Rare,holofoil,2026-07-20,15.62
Tangela,151,178,Illustration Rare,holofoil,2026-07-30,16.2
Tangela,151,178,Illustration Rare,holofoil,2026-08-28,16.52
Tapu Bulu,Shrouded Fable,65,Illustration Rare,holofoil,2026-07-20,13.31
Tapu Bulu,Shrouded Fable,65,Illustration Rare,holofoil,2026-07-30,13.24
Tapu Bulu,Shrouded Fable,65,Illustration Rare,holofoil,2026-08-28,13.05
Tarountula,Scarlet & Violet,199,Illustration Rare,holofoil,2026-07-20,17.19
Tarountula,Scarlet & Violet,199,Illustration Rare,holofoil,2026-07-30,16.79
Tarountula,Scarlet & Violet,199,Illustration Rare,holofoil,2026-08-28,14.74
Tatsugiri,Twilight Masquerade,186,Illustration Rare,holofoil,2026-07-20,22.88
Tatsugiri,Twilight Masquerade,186,Illustration Rare,holofoil,2026-07-30,22.01
Tatsugiri,Twilight Masquerade,186,Illustration Rare,holofoil,2026-08-28,22.85
Team Rocket's Houndoom,Destined Rivals,191,Illustration Rare,holofoil,2026-07-20,14.46
Team Rocket's Houndoom,Destined Rivals,191,Illustration Rare,holofoil,2026-07-30,13.59
Team Rocket's Houndoom,Destined Rivals,191,Illustration Rare,holofoil,2026-08-28,13.02
Team Rocket's Meowth,Destined Rivals,203,Illustration Rare,holofoil,2026-07-20,29.08
Team Rocket's Meowth,Destined Rivals,203,Illustration Rare,holofoil,2026-07-30,27.96
Team Rocket's Meowth,Destined Rivals,203,Illustration Rare,holofoil,2026-08-28,25.61
Team Rocket's Murkrow,Destined Rivals,200,Illustration Rare,holofoil,2026-07-20,9.81
Team Rocket's Murkrow,Destined Rivals,200,Illustration Rare,holofoil,2026-07-30,9.45
Team Rocket's Murkrow,Destined Rivals,200,Illustration Rare,holofoil,2026-08-28,8.1
Team Rocket's Orbeetle,Destined Rivals,198,Illustration Rare,holofoil,2026-07-20,3.78
Team Rocket's Orbeetle,Destined Rivals,198,Illustration Rare,holofoil,2026-07-30,3.79
Team Rocket's Orbeetle,Destined Rivals,198,Illustration Rare,holofoil,2026-08-28,3.64
Team Rocket's Raticate,Destined Rivals,202,Illustration Rare,holofoil,2026-07-20,6.22
Team Rocket's Raticate,Destined Rivals,202,Illustration Rare,holofoil,2026-07-30,6.11
Team Rocket's Raticate,Destined Rivals,202,Illustration Rare,holofoil,2026-08-28,6.0
Team Rocket's Spidops,Destined Rivals,187,Illustration Rare,holofoil,2026-07-20,6.04
Team Rocket's Spidops,Destined Rivals,187,Illustration Rare,holofoil,2026-07-30,6.14
Team Rocket's Spidops,Destined Rivals,187,Illustration Rare,holofoil,2026-08-28,5.48
Team Rocket's Weezing,Destined Rivals,199,Illustration Rare,holofoil,2026-07-20,9.68
Team Rocket's Weezing,Destined Rivals,199,Illustration Rare,holofoil,2026-07-30,7.76
Team Rocket's Weezing,Destined Rivals,199,Illustration Rare,holofoil,2026-08-28,7.82
Tepig,White Flare,96,Illustration Rare,holofoil,2026-07-20,41.39
Tepig,White Flare,96,Illustration Rare,holofoil,2026-07-30,42.04
Tepig,White Flare,96,Illustration Rare,holofoil,2026-08-28,40.36
Terrakion,White Flare,135,Illustration Rare,holofoil,2026-07-20,29.63
Terrakion,White Flare,135,Illustration Rare,holofoil,2026-07-30,28.1
Terrakion,White Flare,135,Illustration Rare,holofoil,2026-08-28,26.32
Throh,Black Bolt,128,Illustration Rare,holofoil,2026-07-20,10.7
Throh,Black Bolt,128,Illustration Rare,holofoil,2026-07-30,10.29
Throh,Black Bolt,128,Illustration Rare,holofoil,2026-08-28,9.06
Timburr,Twilight Masquerade,183,Illustration Rare,holofoil,2026-07-20,6.75
Timburr,Black Bolt,125,Illustration Rare,holofoil,2026-07-20,21.11
Timburr,Twilight Masquerade,183,Illustration Rare,holofoil,2026-07-30,6.99
Timburr,Black Bolt,125,Illustration Rare,holofoil,2026-07-30,20.56
Timburr,Twilight Masquerade,183,Illustration Rare,holofoil,2026-08-28,6.61
Timburr,Black Bolt,125,Illustration Rare,holofoil,2026-08-28,19.31
Tinkatink,Paldea Evolved,216,Illustration Rare,holofoil,2026-07-20,32.78
Tinkatink,Paldea Evolved,216,Illustration Rare,holofoil,2026-07-30,32.78
Tinkatink,Paldea Evolved,216,Illustration Rare,holofoil,2026-08-28,33.92
Tinkatuff,Paldea Evolved,217,Illustration Rare,holofoil,2026-07-20,36.75
Tinkatuff,Paldea Evolved,217,Illustration Rare,holofoil,2026-07-30,34.64
Tinkatuff,Paldea Evolved,217,Illustration Rare,holofoil,2026-08-28,33.75
Tirtouga,Black Bolt,106,Illustration Rare,holofoil,2026-07-20,40.06
Tirtouga,Black Bolt,106,Illustration Rare,holofoil,2026-07-30,39.63
Tirtouga,Black Bolt,106,Illustration Rare,holofoil,2026-08-28,31.66
Toedscool,Scarlet & Violet,201,Illustration Rare,holofoil,2026-07-20,5.81
Toedscool,Scarlet & Violet,201,Illustration Rare,holofoil,2026-07-30,5.56
Toedscool,Scarlet & Violet,201,Illustration Rare,holofoil,2026-08-28,5.42
Toedscruel,Paradox Rift,185,Illustration Rare,holofoil,2026-07-20,7.06
Toedscruel,Paradox Rift,185,Illustration Rare,holofoil,2026-07-30,6.92
Toedscruel,Paradox Rift,185,Illustration Rare,holofoil,2026-08-28,7.11
Togedemaru,Phantasmal Flames,104,Illustration Rare,holofoil,2026-07-20,2.34
Togedemaru,Phantasmal Flames,104,Illustration Rare,holofoil,2026-07-30,2.85
Togedemaru,Phantasmal Flames,104,Illustration Rare,holofoil,2026-08-28,2.74
Torkoal,Twilight Masquerade,172,Illustration Rare,holofoil,2026-07-20,7.26
Torkoal,Twilight Masquerade,172,Illustration Rare,holofoil,2026-07-30,6.86
Torkoal,Twilight Masquerade,172,Illustration Rare,holofoil,2026-08-28,5.92
Toxtricity,Phantasmal Flames,103,Illustration Rare,holofoil,2026-07-20,2.17
Toxtricity,Phantasmal Flames,103,Illustration Rare,holofoil,2026-07-30,2.12
Toxtricity,Phantasmal Flames,103,Illustration Rare,holofoil,2026-08-28,1.89
Tranquill,Black Bolt,149,Illustration Rare,holofoil,2026-07-20,6.6
Tranquill,Black Bolt,149,Illustration Rare,holofoil,2026-07-30,5.94
Tranquill,Black Bolt,149,Illustration Rare,holofoil,2026-08-28,5.7
Tropius,Paldea Evolved,195,Illustration Rare,holofoil,2026-07-20,17.71
Tropius,Paldea Evolved,195,Illustration Rare,holofoil,2026-07-30,17.01
Tropius,Paldea Evolved,195,Illustration Rare,holofoil,2026-08-28,15.18
Trubbish,White Flare,140,Illustration Rare,holofoil,2026-07-20,19.27
Trubbish,White Flare,140,Illustration Rare,holofoil,2026-07-30,19.14
Trubbish,White Flare,140,Illustration Rare,holofoil,2026-08-28,17.62
Turtonator,Stellar Crown,146,Illustration Rare,holofoil,2026-07-20,5.01
Turtonator,Stellar Crown,146,Illustration Rare,holofoil,2026-07-30,4.86
Turtonator,Stellar Crown,146,Illustration Rare,holofoil,2026-08-28,4.94
Tympole,Black Bolt,103,Illustration Rare,holofoil,2026-07-20,16.09
Tympole,Black Bolt,103,Illustration Rare,holofoil,2026-07-30,15.82
Tympole,Black Bolt,103,Illustration Rare,holofoil,2026-08-28,15.23
Tynamo,Black Bolt,113,Illustration Rare,holofoil,2026-07-20,20.31
Tynamo,Black Bolt,113,Illustration Rare,holofoil,2026-07-30,19.37
Tynamo,Black Bolt,113,Illustration Rare,holofoil,2026-08-28,20.48
Tyranitar,Paldea Evolved,222,Illustration Rare,holofoil,2026-07-20,76.93
Tyranitar,Paldea Evolved,222,Illustration Rare,holofoil,2026-07-30,73.39
Tyranitar,Paldea Evolved,222,Illustration Rare,holofoil,2026-08-28,73.79
Unfezant,Black Bolt,150,Illustration Rare,holofoil,2026-07-20,35.02
Unfezant,Black Bolt,150,Illustration Rare,holofoil,2026-07-30,35.0
Unfezant,Black Bolt,150,Illustration Rare,holofoil,2026-08-28,32.83
Vanillish,Paradox Rift,190,Illustration Rare,holofoil,2026-07-20,12.11
Vanillish,White Flare,112,Illustration Rare,holofoil,2026-07-20,15.23
Vanillish,Paradox Rift,190,Illustration Rare,holofoil,2026-07-30,11.54
Vanillish,White Flare,112,Illustration Rare,holofoil,2026-07-30,14.96
Vanillish,Paradox Rift,190,Illustration Rare,holofoil,2026-08-28,10.79
Vanillish,White Flare,112,Illustration Rare,holofoil,2026-08-28,14.56
Vanillite,White Flare,111,Illustration Rare,holofoil,2026-07-20,18.76
Vanillite,White Flare,111,Illustration Rare,holofoil,2026-07-30,18.23
Vanillite,White Flare,111,Illustration Rare,holofoil,2026-08-28,16.56
Vanilluxe,White Flare,113,Illustration Rare,holofoil,2026-07-20,44.46
Vanilluxe,White Flare,113,Illustration Rare,holofoil,2026-07-30,43.15
Vanilluxe,White Flare,113,Illustration Rare,holofoil,2026-08-28,42.22
Varoom,Obsidian Flames,206,Illustration Rare,holofoil,2026-07-20,3.27
Varoom,Obsidian Flames,206,Illustration Rare,holofoil,2026-07-30,3.05
Varoom,Obsidian Flames,206,Illustration Rare,holofoil,2026-08-28,3.14
Veluza,Paradox Rift,192,Illustration Rare,holofoil,2026-07-20,12.48
Veluza,Paradox Rift,192,Illustration Rare,holofoil,2026-07-30,12.31
Veluza,Paradox Rift,192,Illustration Rare,holofoil,2026-08-28,11.56
Venipede,Black Bolt,132,Illustration Rare,holofoil,2026-07-20,9.91
Venipede,Black Bolt,132,Illustration Rare,holofoil,2026-07-30,8.73
Venipede,Black Bolt,132,Illustration Rare,holofoil,2026-08-28,8.64
Vibrava,Surging Sparks,206,Illustration Rare,holofoil,2026-07-20,3.92
Vibrava,Surging Sparks,206,Illustration Rare,holofoil,2026-07-30,3.62
Vibrava,Surging Sparks,206,Illustration Rare,holofoil,2026-08-28,3.41
Virizion,White Flare,95,Illustration Rare,holofoil,2026-07-20,31.48
Virizion,White Flare,95,Illustration Rare,holofoil,2026-07-30,31.87
Virizion,White Flare,95,Illustration Rare,holofoil,2026-08-28,31.5
Vivillon,Surging Sparks,193,Illustration Rare,holofoil,2026-07-20,5.89
Vivillon,Surging Sparks,193,Illustration Rare,holofoil,2026-07-30,6.08
Vivillon,Surging Sparks,193,Illustration Rare,holofoil,2026-08-28,5.81
Volcarona,Black Bolt,100,Illustration Rare,holofoil,2026-07-20,61.05
Volcarona,Black Bolt,100,Illustration Rare,holofoil,2026-07-30,62.12
Volcarona,Black Bolt,100,Illustration Rare,holofoil,2026-08-28,62.09
Vullaby,White Flare,144,Illustration Rare,holofoil,2026-07-20,10.68
Vullaby,White Flare,144,Illustration Rare,holofoil,2026-07-30,10.32
Vullaby,White Flare,144,Illustration Rare,holofoil,2026-08-28,9.87
Vulpix,Mega Evolution,138,Illustration Rare,holofoil,2026-07-20,20.34
Vulpix,Mega Evolution,138,Illustration Rare,holofoil,2026-07-30,20.8
Vulpix,Mega Evolution,138,Illustration Rare,holofoil,2026-08-28,21.13
Wailord,Journey Together,162,Illustration Rare,holofoil,2026-07-20,16.46
Wailord,Journey Together,162,Illustration Rare,holofoil,2026-07-30,17.32
Wailord,Journey Together,162,Illustration Rare,holofoil,2026-08-28,15.45
Wartortle,151,171,Illustration Rare,holofoil,2026-07-20,63.62
Wartortle,151,171,Illustration Rare,holofoil,2026-07-30,63.8
Wartortle,151,171,Illustration Rare,holofoil,2026-08-28,60.09
Watchog,White Flare,153,Illustration Rare,holofoil,2026-07-20,11.53
Watchog,White Flare,153,Illustration Rare,holofoil,2026-07-30,11.46
Watchog,White Flare,153,Illustration Rare,holofoil,2026-08-28,9.79
Wattrel,Twilight Masquerade,178,Illustration Rare,holofoil,2026-07-20,5.61
Wattrel,Twilight Masquerade,178,Illustration Rare,holofoil,2026-07-30,5.13
Wattrel,Twilight Masquerade,178,Illustration Rare,holofoil,2026-08-28,5.57
Whirlipede,Black Bolt,133,Illustration Rare,holofoil,2026-07-20,8.67
Whirlipede,Black Bolt,133,Illustration Rare,holofoil,2026-07-30,8.26
Whirlipede,Black Bolt,133,Illustration Rare,holofoil,2026-08-28,6.82
Wigglytuff,Phantasmal Flames,105,Illustration Rare,holofoil,2026-07-20,6.44
Wigglytuff,Phantasmal Flames,105,Illustration Rare,holofoil,2026-07-30,6.76
Wigglytuff,Phantasmal Flames,105,Illustration Rare,holofoil,2026-08-28,6.39
Wiglett,Scarlet & Violet,206,Illustration Rare,holofoil,2026-07-20,24.98
Wiglett,Scarlet & Violet,206,Illustration Rare,holofoil,2026-07-30,24.41
Wiglett,Scarlet & Violet,206,Illustration Rare,holofoil,2026-08-28,22.84
Wimpod,Paradox Rift,191,Illustration Rare,holofoil,2026-07-20,14.13
Wimpod,Paradox Rift,191,Illustration Rare,holofoil,2026-07-30,13.83
Wimpod,Paradox Rift,191,Illustration Rare,holofoil,2026-08-28,13.71
Woobat,White Flare,119,Illustration Rare,holofoil,2026-07-20,15.14
Woobat,White Flare,119,Illustration Rare,holofoil,2026-07-30,15.39
Woobat,White Flare,119,Illustration Rare,holofoil,2026-08-28,15.39
Wugtrio,Paldean Fates,224,Illustration Rare,holofoil,2026-07-20,2.88
Wugtrio,Paldean Fates,224,Illustration Rare,holofoil,2026-07-30,2.85
Wugtrio,Paldean Fates,224,Illustration Rare,holofoil,2026-08-28,2.95
Yamask,White Flare,122,Illustration Rare,holofoil,2026-07-20,12.04
Yamask,White Flare,122,Illustration Rare,holofoil,2026-07-30,11.22
Yamask,White Flare,122,Illustration Rare,holofoil,2026-08-28,11.09
Yamper,Phantasmal Flames,99,Illustration Rare,holofoil,2026-07-20,3.68
Yamper,Phantasmal Flames,99,Illustration Rare,holofoil,2026-07-30,3.58
Yamper,Phantasmal Flames,99,Illustration Rare,holofoil,2026-08-28,4.04
Yanma,Destined Rivals,183,Illustration Rare,holofoil,2026-07-20,4.32
Yanma,Destined Rivals,183,Illustration Rare,holofoil,2026-07-30,5.0
Yanma,Destined Rivals,183,Illustration Rare,holofoil,2026-08-28,4.55
Yveltal,Paradox Rift,205,Illustration Rare,holofoil,2026-07-20,28.47
Yveltal,Paradox Rift,205,Illustration Rare,holofoil,2026-07-30,31.26
Yveltal,Paradox Rift,205,Illustration Rare,holofoil,2026-08-28,31.33
Zacian,Phantasmal Flames,100,Illustration Rare,holofoil,2026-07-20,3.99
Zacian,Phantasmal Flames,100,Illustration Rare,holofoil,2026-07-30,4.3
Zacian,Phantasmal Flames,100,Illustration Rare,holofoil,2026-08-28,4.82
Zamazenta,Destined Rivals,201,Illustration Rare,holofoil,2026-07-20,5.18
Zamazenta,Destined Rivals,201,Illustration Rare,holofoil,2026-07-30,4.93
Zamazenta,Destined Rivals,201,Illustration Rare,holofoil,2026-08-28,5.38
Zebstrika,White Flare,115,Illustration Rare,holofoil,2026-07-20,29.74
Zebstrika,White Flare,115,Illustration Rare,holofoil,2026-07-30,29.72
Zebstrika,White Flare,115,Illustration Rare,holofoil,2026-08-28,28.75
Zeraora,Stellar Crown,151,Illustration Rare,holofoil,2026-07-20,14.95
Zeraora,Stellar Crown,151,Illustration Rare,holofoil,2026-07-30,14.43
Zeraora,Stellar Crown,151,Illustration Rare,holofoil,2026-08-28,13.96
Zoroark,White Flare,143,Illustration Rare,holofoil,2026-07-20,83.01
Zoroark,White Flare,143,Illustration Rare,holofoil,2026-07-30,81.45
Zoroark,White Flare,143,Illustration Rare,holofoil,2026-08-28,77.81
Zorua,Shrouded Fable,75,Illustration Rare,holofoil,2026-07-20,28.16
Zorua,White Flare,142,Illustration Rare,holofoil,2026-07-20,48.23
Zorua,Shrouded Fable,75,Illustration Rare,holofoil,2026-07-30,28.4
Zorua,White Flare,142,Illustration Rare,holofoil,2026-07-30,48.64
Zorua,Shrouded Fable,75,Illustration Rare,holofoil,2026-08-28,29.19
Zorua,White Flare,142,Illustration Rare,holofoil,2026-08-28,46.51
Zweilous,White Flare,147,Illustration Rare,holofoil,2026-07-20,13.19
Zweilous,White Flare,147,Illustration Rare,holofoil,2026-07-30,13.13
Zweilous,White Flare,147,Illustration Rare,holofoil,2026-08-28,13.56
